Consumer_ID,a,b,c
1,a_2,b_5,c_1
1,__ABS__a,b_4,c_3
1,__ABS__a,b_5,c_2
1,a_3,__ABS__b,c_3
1,a_1,__ABS__b,c_2
1,__ABS__a,b_3,c_5
1,__ABS__a,b_2,c_5
1,__ABS__a,b_3,c_3
1,a_1,b_2,__ABS__c
1,a_4,b_5,__ABS__c
1,a_4,__ABS__b,c_1
1,a_5,__ABS__b,c_1
1,a_1,__ABS__b,c_4
1,a_5,__ABS__b,c_5
1,a_4,b_1,__ABS__c
1,a_5,b_4,c_4
1,a_2,b_3,__ABS__c
1,a_2,b_1,__ABS__c
1,a_3,b_1,__ABS__c
1,a_3,b_2,c_4
1,__ABS__a,b_4,c_2
2,a_2,__ABS__b,c_3
2,a_1,b_4,__ABS__c
2,a_4,b_2,c_5
2,__ABS__a,b_2,c_2
2,a_1,__ABS__b,c_2
2,__ABS__a,b_3,c_1
2,a_2,__ABS__b,c_2
2,a_3,__ABS__b,c_4
2,a_4,b_4,__ABS__c
2,a_3,b_3,__ABS__c
2,a_5,__ABS__b,c_1
2,__ABS__a,b_4,c_5
2,__ABS__a,b_5,c_3
2,a_5,b_3,__ABS__c
2,a_1,__ABS__b,c_4
2,__ABS__a,b_5,c_5
2,a_2,b_1,c_4
2,__ABS__a,b_1,c_3
2,a_5,b_1,__ABS__c
2,a_4,b_2,c_1
2,a_3,b_5,__ABS__c
3,a_2,b_1,__ABS__c
3,a_5,b_2,c_2
3,a_2,b_4,__ABS__c
3,a_4,__ABS__b,c_2
3,a_4,__ABS__b,c_3
3,__ABS__a,b_5,c_5
3,a_2,__ABS__b,c_3
3,a_5,__ABS__b,c_1
3,__ABS__a,b_3,c_4
3,a_1,b_1,__ABS__c
3,__ABS__a,b_1,c_2
3,a_3,b_3,__ABS__c
3,a_3,__ABS__b,c_5
3,__ABS__a,b_3,c_5
3,a_3,b_5,c_3
3,__ABS__a,b_2,c_1
3,a_1,b_4,c_1
3,a_1,b_4,__ABS__c
3,a_5,b_2,__ABS__c
3,__ABS__a,b_5,c_4
3,a_4,__ABS__b,c_4
4,a_3,b_5,c_4
4,a_4,b_2,c_4
4,a_3,b_3,__ABS__c
4,__ABS__a,b_1,c_3
4,a_2,__ABS__b,c_5
4,a_4,b_4,c_3
4,a_1,b_1,__ABS__c
4,__ABS__a,b_4,c_4
4,a_5,b_4,__ABS__c
4,a_1,b_2,__ABS__c
4,a_3,__ABS__b,c_1
4,a_2,b_5,__ABS__c
4,__ABS__a,b_1,c_1
4,a_1,__ABS__b,c_2
4,a_4,__ABS__b,c_3
4,__ABS__a,b_3,c_2
4,__ABS__a,b_5,c_5
4,a_2,__ABS__b,c_2
4,__ABS__a,b_3,c_5
4,a_5,b_2,__ABS__c
4,a_5,__ABS__b,c_1
5,__ABS__a,b_2,c_5
5,a_3,b_1,c_4
5,a_4,b_4,c_4
5,a_3,__ABS__b,c_5
5,a_4,__ABS__b,c_2
5,a_3,b_5,__ABS__c
5,a_1,__ABS__b,c_4
5,a_1,__ABS__b,c_2
5,a_2,b_3,__ABS__c
5,__ABS__a,b_1,c_1
5,a_5,__ABS__b,c_3
5,a_4,b_3,__ABS__c
5,a_5,b_1,__ABS__c
5,a_5,b_3,__ABS__c
5,__ABS__a,b_4,c_3
5,__ABS__a,b_2,c_1
5,a_2,__ABS__b,c_2
5,a_2,b_2,c_5
5,__ABS__a,b_5,c_3
5,__ABS__a,b_5,c_1
5,a_1,b_4,__ABS__c
6,a_5,__ABS__b,c_4
6,__ABS__a,b_1,c_5
6,a_1,__ABS__b,c_1
6,a_4,__ABS__b,c_1
6,a_2,b_4,__ABS__c
6,__ABS__a,b_3,c_4
6,a_3,b_2,c_2
6,a_4,b_1,__ABS__c
6,__ABS__a,b_2,c_3
6,a_1,b_4,__ABS__c
6,__ABS__a,b_5,c_2
6,a_4,b_5,__ABS__c
6,__ABS__a,b_4,c_1
6,a_5,b_3,__ABS__c
6,__ABS__a,b_1,c_3
6,a_1,__ABS__b,c_2
6,a_2,b_2,c_3
6,a_2,__ABS__b,c_4
6,a_3,__ABS__b,c_5
6,a_3,b_5,__ABS__c
6,a_5,b_3,c_5
7,a_3,__ABS__b,c_1
7,a_3,__ABS__b,c_4
7,__ABS__a,b_5,c_4
7,a_1,__ABS__b,c_2
7,a_5,b_4,__ABS__c
7,a_3,b_1,__ABS__c
7,a_4,__ABS__b,c_3
7,a_5,__ABS__b,c_3
7,a_5,b_2,__ABS__c
7,__ABS__a,b_5,c_2
7,__ABS__a,b_2,c_5
7,a_1,__ABS__b,c_1
7,a_4,b_4,c_5
7,a_1,b_5,__ABS__c
7,a_2,b_4,__ABS__c
7,__ABS__a,b_3,c_3
7,a_2,b_2,c_2
7,__ABS__a,b_1,c_4
7,a_4,b_3,c_5
7,__ABS__a,b_1,c_1
7,a_2,b_3,__ABS__c
8,a_4,b_4,c_1
8,a_5,__ABS__b,c_4
8,a_2,b_5,__ABS__c
8,a_4,b_1,__ABS__c
8,__ABS__a,b_5,c_4
8,__ABS__a,b_1,c_3
8,a_5,__ABS__b,c_5
8,a_2,__ABS__b,c_2
8,a_3,b_5,__ABS__c
8,__ABS__a,b_2,c_3
8,__ABS__a,b_3,c_3
8,a_1,__ABS__b,c_1
8,a_5,b_3,c_2
8,a_2,b_3,__ABS__c
8,__ABS__a,b_2,c_5
8,a_3,__ABS__b,c_5
8,a_1,b_4,__ABS__c
8,a_1,b_1,__ABS__c
8,a_4,__ABS__b,c_2
8,__ABS__a,b_2,c_1
8,a_3,b_4,c_4
9,a_5,__ABS__b,c_4
9,__ABS__a,b_4,c_5
9,a_2,__ABS__b,c_3
9,a_4,__ABS__b,c_3
9,a_3,b_2,__ABS__c
9,__ABS__a,b_3,c_3
9,a_1,b_2,__ABS__c
9,a_5,b_2,__ABS__c
9,__ABS__a,b_4,c_1
9,a_5,b_1,__ABS__c
9,a_4,b_3,__ABS__c
9,a_3,b_4,c_2
9,a_2,__ABS__b,c_5
9,a_4,__ABS__b,c_1
9,a_3,b_1,c_5
9,a_1,b_5,__ABS__c
9,__ABS__a,b_5,c_2
9,a_1,__ABS__b,c_4
9,a_2,b_5,c_1
9,__ABS__a,b_1,c_4
9,__ABS__a,b_3,c_2
10,__ABS__a,b_3,c_4
10,a_5,__ABS__b,c_5
10,a_4,b_1,__ABS__c
10,a_3,b_4,c_1
10,__ABS__a,b_3,c_3
10,__ABS__a,b_1,c_2
10,__ABS__a,b_5,c_1
10,__ABS__a,b_1,c_3
10,a_2,b_3,__ABS__c
10,a_1,__ABS__b,c_5
10,a_2,__ABS__b,c_2
10,a_5,b_4,c_1
10,__ABS__a,b_5,c_5
10,a_2,b_2,__ABS__c
10,a_4,__ABS__b,c_4
10,a_4,b_5,__ABS__c
10,a_1,b_2,__ABS__c
10,a_5,b_4,__ABS__c
10,a_3,__ABS__b,c_3
10,a_1,__ABS__b,c_2
10,a_3,b_2,c_4
11,a_4,b_2,c_5
11,__ABS__a,b_3,c_2
11,a_4,b_5,__ABS__c
11,__ABS__a,b_4,c_5
11,a_1,b_5,__ABS__c
11,a_5,__ABS__b,c_4
11,__ABS__a,b_3,c_5
11,a_1,__ABS__b,c_1
11,a_4,__ABS__b,c_4
11,a_3,b_4,__ABS__c
11,__ABS__a,b_2,c_3
11,a_2,__ABS__b,c_1
11,a_2,b_1,__ABS__c
11,a_5,__ABS__b,c_2
11,__ABS__a,b_5,c_3
11,a_2,b_3,c_1
11,__ABS__a,b_1,c_3
11,a_3,b_1,c_4
11,a_1,b_4,__ABS__c
11,a_3,__ABS__b,c_2
11,a_5,b_2,__ABS__c
12,a_2,b_3,c_5
12,a_2,b_2,__ABS__c
12,a_5,b_3,c_5
12,__ABS__a,b_2,c_3
12,a_1,__ABS__b,c_3
12,a_5,b_4,__ABS__c
12,a_3,__ABS__b,c_2
12,a_4,__ABS__b,c_3
12,__ABS__a,b_5,c_1
12,a_3,b_4,c_2
12,a_4,b_4,__ABS__c
12,__ABS__a,b_2,c_1
12,__ABS__a,b_5,c_4
12,a_5,b_3,__ABS__c
12,a_4,__ABS__b,c_4
12,a_2,__ABS__b,c_4
12,__ABS__a,b_5,c_2
12,a_1,b_1,__ABS__c
12,a_1,__ABS__b,c_1
12,a_3,b_1,__ABS__c
12,__ABS__a,b_1,c_5
13,a_4,b_5,c_1
13,a_1,b_4,__ABS__c
13,a_3,__ABS__b,c_2
13,a_2,__ABS__b,c_2
13,__ABS__a,b_3,c_5
13,__ABS__a,b_5,c_4
13,a_5,b_2,__ABS__c
13,a_4,__ABS__b,c_3
13,__ABS__a,b_4,c_5
13,a_1,b_1,__ABS__c
13,a_3,b_5,__ABS__c
13,a_5,__ABS__b,c_1
13,a_2,__ABS__b,c_3
13,a_3,b_3,__ABS__c
13,a_4,b_1,c_2
13,__ABS__a,b_1,c_3
13,a_1,b_2,__ABS__c
13,a_2,__ABS__b,c_5
13,__ABS__a,b_3,c_4
13,a_5,b_2,c_1
13,__ABS__a,b_4,c_4
14,__ABS__a,b_3,c_2
14,__ABS__a,b_4,c_3
14,__ABS__a,b_5,c_2
14,a_4,__ABS__b,c_4
14,__ABS__a,b_3,c_1
14,a_4,__ABS__b,c_5
14,a_1,__ABS__b,c_4
14,a_3,b_5,__ABS__c
14,a_5,b_2,__ABS__c
14,a_3,b_1,__ABS__c
14,__ABS__a,b_2,c_1
14,__ABS__a,b_1,c_3
14,a_2,b_4,__ABS__c
14,a_5,b_2,c_4
14,a_2,b_3,c_3
14,a_1,b_5,__ABS__c
14,a_3,__ABS__b,c_1
14,a_4,b_1,c_5
14,a_2,__ABS__b,c_2
14,a_1,b_4,__ABS__c
14,a_5,__ABS__b,c_5
15,a_4,b_1,__ABS__c
15,a_5,b_5,c_2
15,a_5,b_3,c_5
15,a_3,b_2,__ABS__c
15,a_2,__ABS__b,c_5
15,__ABS__a,b_1,c_3
15,a_1,__ABS__b,c_2
15,__ABS__a,b_4,c_2
15,__ABS__a,b_5,c_1
15,a_1,__ABS__b,c_4
15,a_4,__ABS__b,c_5
15,a_2,b_2,__ABS__c
15,a_4,b_4,__ABS__c
15,__ABS__a,b_3,c_1
15,a_3,b_4,__ABS__c
15,__ABS__a,b_2,c_4
15,a_5,__ABS__b,c_3
15,a_3,b_3,__ABS__c
15,a_1,__ABS__b,c_3
15,__ABS__a,b_1,c_1
15,a_2,b_5,c_4
16,a_5,b_1,c_5
16,a_4,b_2,__ABS__c
16,a_3,__ABS__b,c_4
16,a_4,__ABS__b,c_3
16,__ABS__a,b_2,c_1
16,a_3,__ABS__b,c_3
16,a_3,b_4,c_1
16,__ABS__a,b_1,c_1
16,a_1,__ABS__b,c_3
16,a_2,b_5,__ABS__c
16,__ABS__a,b_1,c_2
16,a_1,b_3,c_4
16,a_5,b_4,__ABS__c
16,__ABS__a,b_5,c_2
16,a_1,b_3,__ABS__c
16,__ABS__a,b_3,c_5
16,a_5,__ABS__b,c_5
16,a_2,b_4,__ABS__c
16,__ABS__a,b_2,c_2
16,a_4,b_5,__ABS__c
16,a_2,__ABS__b,c_4
17,__ABS__a,b_3,c_2
17,__ABS__a,b_1,c_4
17,a_5,b_3,__ABS__c
17,__ABS__a,b_5,c_2
17,a_3,b_5,__ABS__c
17,a_2,__ABS__b,c_2
17,__ABS__a,b_5,c_4
17,a_3,__ABS__b,c_5
17,a_4,__ABS__b,c_5
17,__ABS__a,b_2,c_1
17,a_2,b_4,__ABS__c
17,a_4,__ABS__b,c_3
17,a_1,b_1,__ABS__c
17,a_1,b_3,c_1
17,a_2,b_4,c_5
17,a_1,b_2,__ABS__c
17,a_4,b_2,__ABS__c
17,a_5,__ABS__b,c_3
17,a_3,__ABS__b,c_3
17,__ABS__a,b_4,c_4
17,a_5,b_1,c_1
18,a_4,__ABS__b,c_4
18,a_1,b_3,__ABS__c
18,a_2,b_5,__ABS__c
18,a_1,b_2,__ABS__c
18,a_1,b_4,c_2
18,__ABS__a,b_2,c_2
18,__ABS__a,b_1,c_5
18,a_5,b_1,__ABS__c
18,__ABS__a,b_2,c_1
18,__ABS__a,b_5,c_3
18,a_5,__ABS__b,c_3
18,__ABS__a,b_4,c_1
18,a_2,__ABS__b,c_5
18,a_4,b_3,__ABS__c
18,a_3,b_1,c_4
18,a_3,b_4,c_3
18,a_2,__ABS__b,c_4
18,a_5,b_5,__ABS__c
18,__ABS__a,b_3,c_2
18,a_3,__ABS__b,c_5
18,a_4,__ABS__b,c_1
19,a_1,__ABS__b,c_4
19,__ABS__a,b_3,c_3
19,__ABS__a,b_1,c_1
19,a_1,b_4,c_5
19,a_4,b_2,__ABS__c
19,a_5,b_5,c_1
19,a_1,__ABS__b,c_5
19,a_4,b_1,__ABS__c
19,a_3,__ABS__b,c_4
19,a_3,b_3,__ABS__c
19,__ABS__a,b_4,c_2
19,a_2,__ABS__b,c_5
19,a_4,b_5,__ABS__c
19,__ABS__a,b_1,c_3
19,a_5,__ABS__b,c_4
19,a_3,b_5,__ABS__c
19,__ABS__a,b_2,c_2
19,a_2,b_3,c_2
19,a_5,__ABS__b,c_3
19,a_2,b_4,__ABS__c
19,__ABS__a,b_2,c_1
20,a_1,b_4,__ABS__c
20,__ABS__a,b_1,c_4
20,a_4,b_2,c_2
20,a_1,b_3,__ABS__c
20,__ABS__a,b_5,c_1
20,a_2,b_4,__ABS__c
20,a_3,__ABS__b,c_4
20,__ABS__a,b_2,c_5
20,a_5,__ABS__b,c_3
20,a_2,b_5,__ABS__c
20,a_5,__ABS__b,c_2
20,a_4,__ABS__b,c_2
20,a_4,b_3,__ABS__c
20,a_5,b_4,c_5
20,a_3,__ABS__b,c_3
20,a_1,b_1,__ABS__c
20,__ABS__a,b_3,c_5
20,a_3,b_2,c_4
20,a_2,__ABS__b,c_1
20,__ABS__a,b_1,c_1
20,__ABS__a,b_5,c_3
21,__ABS__a,b_2,c_2
21,a_1,b_1,__ABS__c
21,a_4,b_3,c_5
21,__ABS__a,b_3,c_4
21,a_3,__ABS__b,c_2
21,a_1,__ABS__b,c_1
21,__ABS__a,b_1,c_1
21,a_2,b_4,c_5
21,a_5,b_4,c_3
21,a_2,__ABS__b,c_5
21,__ABS__a,b_1,c_3
21,__ABS__a,b_5,c_3
21,a_2,b_5,__ABS__c
21,a_4,__ABS__b,c_2
21,a_5,__ABS__b,c_4
21,a_1,b_2,__ABS__c
21,a_4,b_4,__ABS__c
21,a_3,__ABS__b,c_1
21,a_3,b_5,__ABS__c
21,a_5,b_3,__ABS__c
21,__ABS__a,b_2,c_4
22,a_5,b_4,__ABS__c
22,a_5,b_2,__ABS__c
22,a_1,__ABS__b,c_2
22,__ABS__a,b_2,c_4
22,a_1,__ABS__b,c_5
22,__ABS__a,b_3,c_3
22,a_3,__ABS__b,c_3
22,a_2,__ABS__b,c_5
22,a_3,b_5,__ABS__c
22,__ABS__a,b_2,c_2
22,__ABS__a,b_4,c_5
22,__ABS__a,b_5,c_1
22,a_5,b_1,c_1
22,a_3,b_3,c_2
22,a_4,b_5,__ABS__c
22,a_2,b_4,__ABS__c
22,__ABS__a,b_1,c_3
22,a_1,__ABS__b,c_1
22,a_4,__ABS__b,c_4
22,a_4,b_3,c_4
22,a_2,b_1,__ABS__c
23,a_4,__ABS__b,c_3
23,a_1,b_2,__ABS__c
23,a_3,b_5,c_1
23,a_4,b_2,__ABS__c
23,a_1,__ABS__b,c_3
23,a_2,b_4,c_5
23,__ABS__a,b_4,c_2
23,__ABS__a,b_4,c_1
23,a_5,b_5,__ABS__c
23,__ABS__a,b_1,c_2
23,a_2,b_3,__ABS__c
23,a_5,b_3,__ABS__c
23,a_1,b_1,__ABS__c
23,__ABS__a,b_3,c_3
23,a_4,__ABS__b,c_5
23,__ABS__a,b_5,c_4
23,__ABS__a,b_2,c_2
23,a_5,__ABS__b,c_4
23,a_3,__ABS__b,c_1
23,a_3,__ABS__b,c_4
23,a_2,b_1,c_5
24,a_1,__ABS__b,c_5
24,a_3,b_1,c_1
24,a_5,__ABS__b,c_5
24,__ABS__a,b_1,c_3
24,a_5,b_3,__ABS__c
24,__ABS__a,b_5,c_5
24,__ABS__a,b_5,c_2
24,a_1,b_4,__ABS__c
24,a_3,__ABS__b,c_3
24,a_1,__ABS__b,c_2
24,a_2,__ABS__b,c_2
24,a_4,b_4,__ABS__c
24,a_5,b_2,__ABS__c
24,a_2,b_2,__ABS__c
24,__ABS__a,b_2,c_4
24,a_4,__ABS__b,c_4
24,a_4,b_1,__ABS__c
24,__ABS__a,b_4,c_4
24,__ABS__a,b_5,c_1
24,a_2,b_3,c_1
24,a_3,b_3,c_3
25,a_3,b_2,__ABS__c
25,a_5,__ABS__b,c_4
25,a_5,__ABS__b,c_1
25,__ABS__a,b_2,c_5
25,a_3,b_4,__ABS__c
25,a_1,__ABS__b,c_3
25,a_2,b_4,__ABS__c
25,a_5,b_5,__ABS__c
25,a_4,b_3,__ABS__c
25,a_4,__ABS__b,c_2
25,__ABS__a,b_1,c_4
25,a_3,b_1,__ABS__c
25,__ABS__a,b_3,c_4
25,a_1,__ABS__b,c_2
25,a_4,b_2,c_3
25,a_2,__ABS__b,c_5
25,__ABS__a,b_4,c_3
25,a_2,b_5,c_5
25,a_1,b_1,c_1
25,__ABS__a,b_5,c_1
25,__ABS__a,b_3,c_2
26,a_5,__ABS__b,c_5
26,a_4,b_3,__ABS__c
26,a_5,b_2,c_4
26,__ABS__a,b_3,c_4
26,__ABS__a,b_5,c_2
26,a_2,b_1,__ABS__c
26,a_5,__ABS__b,c_3
26,__ABS__a,b_1,c_4
26,a_2,b_2,__ABS__c
26,a_2,b_4,__ABS__c
26,a_3,__ABS__b,c_2
26,a_4,__ABS__b,c_3
26,__ABS__a,b_5,c_1
26,a_3,b_1,__ABS__c
26,a_1,b_4,c_1
26,a_4,__ABS__b,c_2
26,__ABS__a,b_3,c_5
26,a_1,__ABS__b,c_3
26,__ABS__a,b_2,c_5
26,a_3,b_4,c_1
26,a_1,b_5,__ABS__c
27,__ABS__a,b_4,c_2
27,a_5,b_1,c_4
27,a_3,__ABS__b,c_4
27,a_2,b_2,__ABS__c
27,__ABS__a,b_2,c_2
27,__ABS__a,b_4,c_3
27,a_5,b_1,__ABS__c
27,__ABS__a,b_5,c_3
27,__ABS__a,b_3,c_2
27,a_4,__ABS__b,c_1
27,__ABS__a,b_4,c_1
27,a_3,b_3,c_5
27,a_2,b_1,__ABS__c
27,a_5,b_5,__ABS__c
27,a_4,b_3,__ABS__c
27,a_3,__ABS__b,c_3
27,a_2,b_5,__ABS__c
27,a_1,__ABS__b,c_5
27,a_1,__ABS__b,c_4
27,a_4,b_2,c_5
27,a_1,__ABS__b,c_1
28,a_1,__ABS__b,c_5
28,__ABS__a,b_2,c_3
28,__ABS__a,b_1,c_4
28,a_4,__ABS__b,c_5
28,__ABS__a,b_3,c_4
28,a_2,__ABS__b,c_3
28,a_1,b_3,__ABS__c
28,a_3,b_3,__ABS__c
28,a_4,b_1,__ABS__c
28,__ABS__a,b_5,c_5
28,a_2,b_4,__ABS__c
28,a_1,b_2,__ABS__c
28,a_4,b_4,__ABS__c
28,a_3,b_2,c_2
28,a_2,__ABS__b,c_4
28,__ABS__a,b_5,c_1
28,__ABS__a,b_5,c_3
28,a_5,b_4,c_2
28,a_5,__ABS__b,c_1
28,a_3,b_1,c_1
28,a_5,__ABS__b,c_2
29,a_1,b_2,c_4
29,a_5,b_2,__ABS__c
29,a_4,b_1,__ABS__c
29,__ABS__a,b_5,c_4
29,a_5,__ABS__b,c_3
29,__ABS__a,b_1,c_5
29,a_3,__ABS__b,c_3
29,__ABS__a,b_2,c_5
29,__ABS__a,b_4,c_2
29,a_2,__ABS__b,c_2
29,a_2,b_4,__ABS__c
29,a_1,b_3,__ABS__c
29,__ABS__a,b_5,c_2
29,a_2,__ABS__b,c_1
29,a_4,__ABS__b,c_5
29,a_3,b_1,__ABS__c
29,__ABS__a,b_3,c_4
29,a_1,b_3,c_3
29,a_4,__ABS__b,c_1
29,a_5,b_4,__ABS__c
29,a_3,b_5,c_1
30,a_4,__ABS__b,c_4
30,__ABS__a,b_5,c_3
30,a_3,b_3,__ABS__c
30,a_1,b_1,__ABS__c
30,__ABS__a,b_1,c_5
30,a_1,b_3,c_4
30,a_2,__ABS__b,c_4
30,__ABS__a,b_5,c_2
30,a_3,__ABS__b,c_3
30,__ABS__a,b_2,c_1
30,a_1,b_4,__ABS__c
30,__ABS__a,b_5,c_5
30,__ABS__a,b_4,c_2
30,a_4,__ABS__b,c_5
30,a_4,b_2,__ABS__c
30,a_2,b_1,__ABS__c
30,a_3,b_4,__ABS__c
30,a_5,b_2,c_2
30,a_5,b_3,c_1
30,a_2,__ABS__b,c_3
30,a_5,__ABS__b,c_1
31,a_4,b_3,__ABS__c
31,__ABS__a,b_3,c_3
31,a_2,__ABS__b,c_1
31,a_2,__ABS__b,c_5
31,a_3,__ABS__b,c_4
31,__ABS__a,b_3,c_5
31,__ABS__a,b_5,c_4
31,a_5,b_4,__ABS__c
31,a_1,__ABS__b,c_1
31,a_4,b_2,__ABS__c
31,__ABS__a,b_2,c_2
31,a_3,__ABS__b,c_2
31,__ABS__a,b_4,c_3
31,a_1,b_1,__ABS__c
31,a_5,__ABS__b,c_4
31,a_3,b_4,c_2
31,a_1,b_2,__ABS__c
31,a_2,b_1,c_5
31,a_5,b_5,__ABS__c
31,__ABS__a,b_1,c_3
31,a_4,b_5,c_1
32,a_4,__ABS__b,c_2
32,__ABS__a,b_4,c_5
32,a_1,__ABS__b,c_4
32,a_5,__ABS__b,c_4
32,__ABS__a,b_3,c_1
32,a_4,__ABS__b,c_5
32,a_2,__ABS__b,c_1
32,a_2,b_5,__ABS__c
32,a_3,b_3,c_3
32,a_5,b_3,__ABS__c
32,a_3,b_4,__ABS__c
32,__ABS__a,b_2,c_4
32,__ABS__a,b_5,c_3
32,a_1,b_2,__ABS__c
32,__ABS__a,b_5,c_2
32,__ABS__a,b_1,c_5
32,a_3,b_4,c_3
32,a_5,b_1,__ABS__c
32,a_2,b_2,__ABS__c
32,a_4,b_1,c_2
32,a_1,__ABS__b,c_1
33,__ABS__a,b_3,c_4
33,a_4,b_1,c_1
33,a_1,b_2,c_5
33,a_3,__ABS__b,c_4
33,__ABS__a,b_1,c_2
33,a_1,__ABS__b,c_3
33,a_5,__ABS__b,c_5
33,a_4,b_2,__ABS__c
33,a_3,b_5,__ABS__c
33,a_2,b_1,__ABS__c
33,__ABS__a,b_2,c_1
33,__ABS__a,b_3,c_2
33,a_4,__ABS__b,c_3
33,a_5,__ABS__b,c_2
33,__ABS__a,b_4,c_1
33,__ABS__a,b_5,c_5
33,a_2,b_4,__ABS__c
33,a_2,__ABS__b,c_4
33,a_3,b_4,__ABS__c
33,a_5,b_3,__ABS__c
33,a_1,b_5,c_3
34,a_5,b_3,__ABS__c
34,__ABS__a,b_2,c_4
34,a_4,b_2,__ABS__c
34,a_1,b_1,c_2
34,a_1,b_3,__ABS__c
34,a_4,__ABS__b,c_3
34,__ABS__a,b_4,c_5
34,a_3,__ABS__b,c_1
34,a_2,__ABS__b,c_1
34,a_5,b_1,__ABS__c
34,__ABS__a,b_5,c_3
34,a_2,__ABS__b,c_3
34,__ABS__a,b_5,c_2
34,a_4,__ABS__b,c_1
34,a_5,b_4,__ABS__c
34,a_2,__ABS__b,c_4
34,a_1,b_4,c_5
34,a_3,b_1,c_2
34,a_3,b_5,__ABS__c
34,__ABS__a,b_2,c_5
34,__ABS__a,b_3,c_4
35,a_4,__ABS__b,c_2
35,__ABS__a,b_1,c_5
35,a_1,__ABS__b,c_2
35,a_5,__ABS__b,c_3
35,__ABS__a,b_4,c_1
35,__ABS__a,b_5,c_3
35,a_2,__ABS__b,c_2
35,a_5,b_4,__ABS__c
35,a_3,b_3,__ABS__c
35,__ABS__a,b_5,c_4
35,a_4,__ABS__b,c_3
35,a_5,__ABS__b,c_1
35,a_3,b_2,__ABS__c
35,__ABS__a,b_2,c_4
35,a_4,b_5,__ABS__c
35,a_3,b_1,c_4
35,a_2,b_3,c_1
35,__ABS__a,b_3,c_5
35,a_2,b_1,__ABS__c
35,a_1,b_4,c_5
35,a_1,b_2,__ABS__c
36,a_5,b_4,c_5
36,__ABS__a,b_3,c_2
36,a_4,b_2,c_1
36,__ABS__a,b_1,c_3
36,a_2,b_3,c_5
36,__ABS__a,b_3,c_1
36,a_1,b_4,__ABS__c
36,a_2,__ABS__b,c_2
36,a_3,b_5,__ABS__c
36,a_4,__ABS__b,c_5
36,a_5,b_1,__ABS__c
36,__ABS__a,b_5,c_2
36,a_1,b_2,__ABS__c
36,a_3,__ABS__b,c_1
36,a_2,__ABS__b,c_3
36,__ABS__a,b_2,c_4
36,__ABS__a,b_4,c_3
36,a_4,__ABS__b,c_4
36,a_1,__ABS__b,c_4
36,a_5,b_5,__ABS__c
36,a_3,b_1,__ABS__c
37,a_3,__ABS__b,c_3
37,__ABS__a,b_3,c_3
37,a_3,b_3,__ABS__c
37,a_4,__ABS__b,c_5
37,__ABS__a,b_4,c_2
37,__ABS__a,b_2,c_5
37,a_1,b_1,__ABS__c
37,__ABS__a,b_1,c_4
37,a_1,__ABS__b,c_1
37,a_4,__ABS__b,c_2
37,__ABS__a,b_4,c_4
37,a_1,__ABS__b,c_5
37,a_4,b_3,__ABS__c
37,a_5,b_2,c_1
37,a_5,b_2,__ABS__c
37,a_2,__ABS__b,c_1
37,__ABS__a,b_1,c_2
37,a_5,b_5,__ABS__c
37,a_2,b_5,c_4
37,a_2,b_4,c_3
37,a_3,b_5,__ABS__c
38,a_5,__ABS__b,c_5
38,a_4,__ABS__b,c_3
38,a_2,__ABS__b,c_1
38,a_1,b_2,__ABS__c
38,__ABS__a,b_1,c_4
38,__ABS__a,b_4,c_5
38,a_3,__ABS__b,c_3
38,__ABS__a,b_3,c_1
38,a_4,__ABS__b,c_2
38,a_3,b_4,__ABS__c
38,a_3,b_1,__ABS__c
38,a_2,b_3,__ABS__c
38,a_2,b_5,__ABS__c
38,a_1,b_5,c_1
38,a_5,b_2,c_4
38,a_4,__ABS__b,c_4
38,a_1,b_3,__ABS__c
38,__ABS__a,b_4,c_3
38,__ABS__a,b_5,c_5
38,__ABS__a,b_1,c_2
38,a_5,b_2,c_2
39,a_2,__ABS__b,c_4
39,__ABS__a,b_3,c_2
39,a_4,__ABS__b,c_1
39,a_5,b_1,__ABS__c
39,a_1,__ABS__b,c_1
39,a_1,b_3,c_2
39,__ABS__a,b_2,c_1
39,__ABS__a,b_5,c_5
39,__ABS__a,b_1,c_5
39,a_3,b_2,__ABS__c
39,a_2,b_2,__ABS__c
39,a_4,b_1,c_2
39,a_4,__ABS__b,c_5
39,a_2,b_5,__ABS__c
39,__ABS__a,b_5,c_3
39,a_1,__ABS__b,c_4
39,a_3,__ABS__b,c_3
39,a_5,b_4,c_4
39,a_5,b_4,__ABS__c
39,__ABS__a,b_4,c_3
39,a_3,b_3,__ABS__c
40,a_2,b_3,c_2
40,a_2,__ABS__b,c_3
40,a_4,b_4,__ABS__c
40,a_1,b_2,__ABS__c
40,a_1,__ABS__b,c_4
40,a_5,__ABS__b,c_1
40,__ABS__a,b_5,c_5
40,__ABS__a,b_5,c_2
40,a_2,b_4,__ABS__c
40,__ABS__a,b_2,c_1
40,a_3,__ABS__b,c_3
40,a_4,b_2,__ABS__c
40,a_1,__ABS__b,c_5
40,__ABS__a,b_1,c_5
40,__ABS__a,b_1,c_1
40,a_3,__ABS__b,c_2
40,__ABS__a,b_1,c_3
40,a_5,b_3,c_4
40,a_3,b_5,c_4
40,a_4,b_3,__ABS__c
40,a_5,b_4,__ABS__c
41,__ABS__a,b_4,c_5
41,a_2,b_3,c_2
41,a_3,b_4,__ABS__c
41,__ABS__a,b_3,c_5
41,a_4,b_5,c_3
41,a_1,b_1,__ABS__c
41,a_5,__ABS__b,c_3
41,a_3,__ABS__b,c_1
41,a_2,__ABS__b,c_2
41,a_1,__ABS__b,c_4
41,a_2,b_2,c_4
41,__ABS__a,b_5,c_2
41,__ABS__a,b_1,c_3
41,a_5,b_2,__ABS__c
41,a_4,b_3,__ABS__c
41,a_1,b_5,__ABS__c
41,a_3,__ABS__b,c_4
41,a_5,__ABS__b,c_1
41,__ABS__a,b_1,c_5
41,__ABS__a,b_4,c_1
41,a_4,b_2,__ABS__c
42,a_3,__ABS__b,c_2
42,a_2,__ABS__b,c_4
42,a_1,__ABS__b,c_5
42,a_3,b_5,c_5
42,__ABS__a,b_4,c_4
42,a_4,b_5,__ABS__c
42,a_2,b_3,c_1
42,__ABS__a,b_1,c_3
42,a_1,b_2,__ABS__c
42,a_1,b_1,c_2
42,a_5,b_1,__ABS__c
42,a_5,b_2,__ABS__c
42,__ABS__a,b_4,c_3
42,a_4,__ABS__b,c_2
42,a_3,__ABS__b,c_1
42,__ABS__a,b_4,c_5
42,a_2,b_3,__ABS__c
42,__ABS__a,b_5,c_4
42,__ABS__a,b_2,c_1
42,a_5,__ABS__b,c_3
42,a_4,b_3,__ABS__c
43,a_4,__ABS__b,c_3
43,a_5,b_4,__ABS__c
43,__ABS__a,b_2,c_2
43,a_2,b_3,__ABS__c
43,a_2,__ABS__b,c_5
43,__ABS__a,b_3,c_2
43,a_5,b_1,c_4
43,__ABS__a,b_5,c_3
43,__ABS__a,b_3,c_1
43,a_5,__ABS__b,c_5
43,a_3,__ABS__b,c_1
43,a_4,b_2,__ABS__c
43,__ABS__a,b_4,c_4
43,a_1,b_1,__ABS__c
43,a_1,__ABS__b,c_4
43,a_2,b_2,__ABS__c
43,a_1,__ABS__b,c_1
43,a_3,b_1,c_3
43,a_4,b_4,c_5
43,a_3,b_5,__ABS__c
43,__ABS__a,b_5,c_2
44,__ABS__a,b_4,c_4
44,a_1,__ABS__b,c_3
44,a_5,b_4,__ABS__c
44,a_2,b_4,__ABS__c
44,a_2,b_5,__ABS__c
44,a_1,b_2,c_3
44,__ABS__a,b_3,c_4
44,a_4,__ABS__b,c_5
44,a_4,__ABS__b,c_1
44,a_3,b_2,c_1
44,__ABS__a,b_1,c_3
44,a_1,b_5,__ABS__c
44,__ABS__a,b_5,c_5
44,a_2,b_3,__ABS__c
44,a_3,__ABS__b,c_2
44,a_5,b_1,__ABS__c
44,__ABS__a,b_3,c_2
44,__ABS__a,b_2,c_4
44,a_4,__ABS__b,c_2
44,a_5,b_1,c_5
44,a_3,__ABS__b,c_1
45,a_4,__ABS__b,c_2
45,a_2,b_2,c_3
45,a_5,__ABS__b,c_4
45,__ABS__a,b_3,c_1
45,a_1,b_2,__ABS__c
45,__ABS__a,b_1,c_1
45,a_5,__ABS__b,c_5
45,a_1,__ABS__b,c_1
45,__ABS__a,b_1,c_5
45,a_3,b_5,__ABS__c
45,a_2,b_4,__ABS__c
45,a_2,b_1,__ABS__c
45,__ABS__a,b_3,c_2
45,a_5,b_4,__ABS__c
45,__ABS__a,b_2,c_3
45,__ABS__a,b_5,c_3
45,a_4,b_3,__ABS__c
45,a_1,__ABS__b,c_2
45,a_3,b_4,c_4
45,a_4,b_5,c_4
45,a_3,__ABS__b,c_5
46,__ABS__a,b_1,c_5
46,a_4,b_4,__ABS__c
46,a_4,__ABS__b,c_4
46,__ABS__a,b_4,c_3
46,a_4,__ABS__b,c_5
46,a_3,b_1,c_1
46,__ABS__a,b_3,c_3
46,a_3,__ABS__b,c_1
46,a_2,b_1,__ABS__c
46,a_5,b_5,c_5
46,a_5,b_2,__ABS__c
46,a_3,__ABS__b,c_2
46,__ABS__a,b_2,c_2
46,__ABS__a,b_3,c_1
46,a_1,__ABS__b,c_3
46,__ABS__a,b_5,c_4
46,a_1,b_4,c_2
46,a_5,b_5,__ABS__c
46,a_2,b_2,__ABS__c
46,a_2,b_3,__ABS__c
46,a_1,__ABS__b,c_4
47,a_2,b_1,c_4
47,a_4,b_5,c_1
47,__ABS__a,b_4,c_2
47,__ABS__a,b_3,c_3
47,a_3,b_3,__ABS__c
47,a_1,b_5,__ABS__c
47,a_1,__ABS__b,c_1
47,__ABS__a,b_3,c_5
47,__ABS__a,b_2,c_3
47,a_3,b_5,__ABS__c
47,a_1,b_2,__ABS__c
47,a_2,__ABS__b,c_1
47,a_2,b_2,__ABS__c
47,a_5,__ABS__b,c_5
47,a_5,b_4,__ABS__c
47,__ABS__a,b_1,c_2
47,a_4,__ABS__b,c_4
47,a_4,b_4,c_3
47,a_3,__ABS__b,c_2
47,__ABS__a,b_1,c_5
47,a_5,__ABS__b,c_4
48,__ABS__a,b_4,c_2
48,__ABS__a,b_2,c_5
48,a_2,b_5,__ABS__c
48,__ABS__a,b_1,c_1
48,a_2,b_1,__ABS__c
48,a_3,__ABS__b,c_2
48,a_3,b_2,c_5
48,a_1,__ABS__b,c_1
48,a_2,__ABS__b,c_4
48,a_1,b_4,c_3
48,a_3,b_2,__ABS__c
48,a_4,b_3,__ABS__c
48,a_4,__ABS__b,c_5
48,__ABS__a,b_1,c_4
48,__ABS__a,b_3,c_2
48,a_5,__ABS__b,c_3
48,a_5,b_5,c_3
48,__ABS__a,b_4,c_4
48,a_4,__ABS__b,c_1
48,a_1,b_3,__ABS__c
48,a_5,b_5,__ABS__c
49,a_1,b_4,c_3
49,a_3,__ABS__b,c_2
49,a_1,b_5,__ABS__c
49,a_4,b_5,__ABS__c
49,__ABS__a,b_1,c_4
49,a_5,__ABS__b,c_3
49,a_3,__ABS__b,c_5
49,__ABS__a,b_1,c_1
49,a_5,__ABS__b,c_4
49,a_1,b_3,__ABS__c
49,a_4,b_3,c_5
49,a_5,b_4,c_4
49,a_3,b_4,__ABS__c
49,a_4,b_1,__ABS__c
49,__ABS__a,b_3,c_2
49,__ABS__a,b_2,c_1
49,a_2,b_5,__ABS__c
49,a_2,__ABS__b,c_1
49,__ABS__a,b_2,c_5
49,a_2,__ABS__b,c_3
49,__ABS__a,b_2,c_2
50,__ABS__a,b_3,c_4
50,a_1,b_1,c_1
50,a_5,b_5,__ABS__c
50,a_2,b_3,__ABS__c
50,a_4,__ABS__b,c_5
50,__ABS__a,b_1,c_2
50,__ABS__a,b_2,c_4
50,__ABS__a,b_5,c_5
50,a_5,b_4,__ABS__c
50,__ABS__a,b_4,c_2
50,a_2,__ABS__b,c_2
50,a_3,__ABS__b,c_3
50,a_1,b_1,c_3
50,a_5,__ABS__b,c_5
50,a_3,b_3,__ABS__c
50,a_2,b_5,__ABS__c
50,a_3,b_2,__ABS__c
50,__ABS__a,b_4,c_1
50,a_4,__ABS__b,c_4
50,a_4,__ABS__b,c_3
50,a_1,b_2,c_1
51,a_2,__ABS__b,c_3
51,a_4,__ABS__b,c_3
51,__ABS__a,b_3,c_2
51,__ABS__a,b_5,c_4
51,a_3,__ABS__b,c_5
51,a_1,b_4,__ABS__c
51,a_5,b_2,__ABS__c
51,__ABS__a,b_3,c_4
51,__ABS__a,b_4,c_5
51,a_3,b_5,c_1
51,a_1,__ABS__b,c_4
51,a_3,__ABS__b,c_2
51,a_4,b_1,__ABS__c
51,a_1,b_2,__ABS__c
51,a_2,b_1,__ABS__c
51,__ABS__a,b_3,c_5
51,__ABS__a,b_2,c_3
51,a_5,b_4,__ABS__c
51,a_2,__ABS__b,c_1
51,a_4,b_5,c_1
51,a_5,b_1,c_2
52,a_3,__ABS__b,c_4
52,a_5,b_3,__ABS__c
52,__ABS__a,b_4,c_4
52,__ABS__a,b_1,c_4
52,a_4,b_2,__ABS__c
52,__ABS__a,b_5,c_2
52,a_1,__ABS__b,c_5
52,a_5,__ABS__b,c_2
52,a_1,b_2,__ABS__c
52,a_2,b_4,c_3
52,a_3,b_5,c_2
52,a_4,b_4,__ABS__c
52,__ABS__a,b_2,c_5
52,a_4,__ABS__b,c_1
52,__ABS__a,b_1,c_3
52,a_2,b_3,c_5
52,__ABS__a,b_5,c_1
52,a_5,b_1,__ABS__c
52,a_1,__ABS__b,c_3
52,a_2,__ABS__b,c_1
52,a_3,b_3,__ABS__c
53,a_3,b_1,__ABS__c
53,a_5,b_2,__ABS__c
53,a_5,b_2,c_5
53,a_1,__ABS__b,c_3
53,a_1,b_1,__ABS__c
53,a_4,__ABS__b,c_4
53,__ABS__a,b_4,c_1
53,__ABS__a,b_5,c_1
53,a_2,__ABS__b,c_4
53,a_2,b_1,__ABS__c
53,a_5,__ABS__b,c_4
53,a_2,b_2,__ABS__c
53,__ABS__a,b_5,c_2
53,a_3,__ABS__b,c_2
53,a_4,b_3,c_3
53,__ABS__a,b_3,c_2
53,a_1,b_4,c_3
53,a_4,b_5,__ABS__c
53,__ABS__a,b_4,c_5
53,__ABS__a,b_3,c_5
53,a_3,__ABS__b,c_1
54,__ABS__a,b_2,c_3
54,a_3,b_2,c_1
54,a_2,b_1,c_2
54,__ABS__a,b_4,c_4
54,a_5,__ABS__b,c_5
54,__ABS__a,b_3,c_1
54,a_4,b_5,__ABS__c
54,a_2,__ABS__b,c_3
54,a_3,b_2,__ABS__c
54,__ABS__a,b_5,c_5
54,__ABS__a,b_1,c_1
54,a_5,__ABS__b,c_3
54,a_1,__ABS__b,c_2
54,a_5,b_4,__ABS__c
54,a_2,b_3,__ABS__c
54,a_1,__ABS__b,c_4
54,a_1,b_4,c_2
54,a_4,__ABS__b,c_4
54,a_3,b_5,__ABS__c
54,a_4,b_1,__ABS__c
54,__ABS__a,b_3,c_5
55,a_5,b_2,__ABS__c
55,a_3,b_1,__ABS__c
55,a_5,__ABS__b,c_1
55,__ABS__a,b_4,c_4
55,a_2,b_5,__ABS__c
55,a_3,b_3,__ABS__c
55,__ABS__a,b_4,c_2
55,a_1,__ABS__b,c_1
55,a_5,__ABS__b,c_3
55,__ABS__a,b_1,c_2
55,a_3,b_2,__ABS__c
55,a_4,b_1,c_5
55,a_2,__ABS__b,c_1
55,a_4,__ABS__b,c_3
55,a_1,__ABS__b,c_4
55,__ABS__a,b_5,c_2
55,__ABS__a,b_2,c_5
55,a_2,b_4,c_3
55,__ABS__a,b_3,c_5
55,a_4,b_3,c_4
55,a_1,b_5,__ABS__c
56,a_5,b_5,__ABS__c
56,a_3,b_2,c_1
56,__ABS__a,b_1,c_2
56,a_2,__ABS__b,c_5
56,a_1,b_5,__ABS__c
56,a_3,b_3,c_4
56,a_2,__ABS__b,c_1
56,a_2,b_3,__ABS__c
56,__ABS__a,b_5,c_1
56,a_5,b_2,c_4
56,__ABS__a,b_4,c_4
56,__ABS__a,b_2,c_3
56,a_1,__ABS__b,c_2
56,a_3,__ABS__b,c_5
56,a_4,b_1,__ABS__c
56,a_4,__ABS__b,c_5
56,a_1,b_4,__ABS__c
56,a_5,b_4,__ABS__c
56,__ABS__a,b_3,c_3
56,a_4,__ABS__b,c_2
56,__ABS__a,b_1,c_3
57,a_2,__ABS__b,c_2
57,__ABS__a,b_4,c_1
57,a_3,b_5,c_5
57,a_3,__ABS__b,c_3
57,a_5,__ABS__b,c_4
57,a_4,b_1,__ABS__c
57,__ABS__a,b_3,c_2
57,__ABS__a,b_3,c_3
57,a_4,b_2,__ABS__c
57,a_4,__ABS__b,c_1
57,__ABS__a,b_5,c_5
57,a_1,b_5,__ABS__c
57,a_5,b_1,c_4
57,a_1,b_2,__ABS__c
57,__ABS__a,b_2,c_1
57,a_1,b_3,c_4
57,a_3,__ABS__b,c_5
57,a_2,b_4,__ABS__c
57,a_2,__ABS__b,c_3
57,a_5,b_1,__ABS__c
57,__ABS__a,b_4,c_2
58,a_3,b_2,__ABS__c
58,a_3,b_1,__ABS__c
58,__ABS__a,b_4,c_4
58,a_5,__ABS__b,c_2
58,a_4,b_4,__ABS__c
58,a_1,b_5,__ABS__c
58,a_5,__ABS__b,c_1
58,__ABS__a,b_3,c_3
58,__ABS__a,b_5,c_2
58,a_5,__ABS__b,c_3
58,a_2,__ABS__b,c_4
58,a_1,__ABS__b,c_4
58,a_1,__ABS__b,c_3
58,__ABS__a,b_5,c_5
58,__ABS__a,b_3,c_5
58,a_2,b_2,c_1
58,__ABS__a,b_2,c_2
58,a_4,b_1,__ABS__c
58,a_3,b_3,c_1
58,a_2,b_4,__ABS__c
58,a_4,b_1,c_5
59,a_3,b_3,c_2
59,a_2,b_2,c_5
59,a_1,b_3,__ABS__c
59,a_1,b_4,__ABS__c
59,a_5,__ABS__b,c_5
59,__ABS__a,b_1,c_2
59,a_4,b_5,__ABS__c
59,__ABS__a,b_3,c_2
59,a_5,__ABS__b,c_4
59,a_4,__ABS__b,c_1
59,__ABS__a,b_4,c_4
59,a_4,b_1,__ABS__c
59,a_5,b_2,__ABS__c
59,a_3,__ABS__b,c_4
59,__ABS__a,b_2,c_5
59,a_3,__ABS__b,c_3
59,__ABS__a,b_5,c_3
59,a_2,__ABS__b,c_3
59,__ABS__a,b_4,c_1
59,a_1,b_1,__ABS__c
59,a_2,b_5,c_1
60,a_3,__ABS__b,c_5
60,a_5,b_5,__ABS__c
60,__ABS__a,b_3,c_3
60,a_1,__ABS__b,c_1
60,a_4,__ABS__b,c_2
60,a_2,b_5,__ABS__c
60,a_5,__ABS__b,c_1
60,a_3,__ABS__b,c_4
60,__ABS__a,b_4,c_4
60,__ABS__a,b_2,c_4
60,a_5,b_1,__ABS__c
60,a_4,b_2,__ABS__c
60,a_1,b_4,__ABS__c
60,a_1,__ABS__b,c_3
60,__ABS__a,b_1,c_2
60,a_2,b_3,__ABS__c
60,__ABS__a,b_2,c_3
60,__ABS__a,b_1,c_1
60,a_2,b_3,c_2
60,a_3,b_4,c_5
60,a_4,b_5,c_5
61,a_2,b_1,c_2
61,a_1,b_1,c_5
61,__ABS__a,b_4,c_1
61,a_5,b_4,__ABS__c
61,a_4,__ABS__b,c_3
61,a_4,b_2,__ABS__c
61,__ABS__a,b_5,c_4
61,a_2,__ABS__b,c_4
61,a_5,__ABS__b,c_3
61,__ABS__a,b_2,c_2
61,a_4,b_3,__ABS__c
61,__ABS__a,b_3,c_2
61,a_3,__ABS__b,c_5
61,a_3,b_2,c_5
61,__ABS__a,b_3,c_4
61,a_1,b_5,__ABS__c
61,__ABS__a,b_4,c_3
61,a_3,__ABS__b,c_1
61,a_5,b_1,__ABS__c
61,a_1,__ABS__b,c_1
61,a_2,b_5,__ABS__c
62,a_5,b_2,__ABS__c
62,a_1,__ABS__b,c_5
62,a_1,__ABS__b,c_2
62,a_5,b_4,c_1
62,a_2,b_3,__ABS__c
62,a_2,b_4,__ABS__c
62,a_4,b_5,c_3
62,a_4,b_4,__ABS__c
62,a_3,__ABS__b,c_5
62,a_3,b_1,__ABS__c
62,a_1,__ABS__b,c_3
62,__ABS__a,b_5,c_4
62,a_4,b_1,__ABS__c
62,__ABS__a,b_1,c_5
62,a_5,b_3,c_4
62,__ABS__a,b_5,c_3
62,a_3,__ABS__b,c_2
62,a_2,__ABS__b,c_1
62,__ABS__a,b_2,c_4
62,__ABS__a,b_2,c_2
62,__ABS__a,b_3,c_1
63,a_3,__ABS__b,c_1
63,a_4,__ABS__b,c_5
63,a_1,b_3,c_4
63,a_3,__ABS__b,c_3
63,a_3,b_5,__ABS__c
63,a_4,b_1,c_3
63,__ABS__a,b_1,c_4
63,__ABS__a,b_4,c_2
63,a_2,b_3,__ABS__c
63,a_2,__ABS__b,c_2
63,a_5,b_1,__ABS__c
63,a_2,b_4,c_1
63,__ABS__a,b_4,c_5
63,__ABS__a,b_3,c_2
63,a_1,b_5,__ABS__c
63,a_5,b_2,__ABS__c
63,__ABS__a,b_2,c_4
63,a_4,b_5,__ABS__c
63,a_1,__ABS__b,c_1
63,__ABS__a,b_2,c_3
63,a_5,__ABS__b,c_5
64,a_4,b_4,c_4
64,a_1,b_3,c_1
64,a_2,b_3,c_5
64,__ABS__a,b_1,c_2
64,__ABS__a,b_5,c_3
64,a_1,__ABS__b,c_5
64,__ABS__a,b_1,c_3
64,a_1,b_4,__ABS__c
64,__ABS__a,b_5,c_4
64,a_4,b_2,__ABS__c
64,a_2,b_2,__ABS__c
64,__ABS__a,b_3,c_1
64,a_5,b_1,__ABS__c
64,a_3,__ABS__b,c_4
64,a_2,__ABS__b,c_1
64,__ABS__a,b_4,c_3
64,a_3,__ABS__b,c_2
64,a_5,__ABS__b,c_5
64,a_4,__ABS__b,c_2
64,a_3,b_2,__ABS__c
64,a_5,b_5,__ABS__c
65,a_5,b_1,__ABS__c
65,a_3,__ABS__b,c_1
65,a_4,b_5,c_1
65,__ABS__a,b_2,c_4
65,__ABS__a,b_4,c_5
65,a_2,__ABS__b,c_2
65,a_4,b_3,__ABS__c
65,a_4,b_4,__ABS__c
65,__ABS__a,b_5,c_3
65,a_5,__ABS__b,c_3
65,a_3,__ABS__b,c_5
65,a_1,b_1,c_2
65,a_1,__ABS__b,c_4
65,a_1,b_4,__ABS__c
65,a_5,b_3,c_4
65,__ABS__a,b_2,c_5
65,a_2,b_5,__ABS__c
65,a_2,__ABS__b,c_1
65,__ABS__a,b_2,c_3
65,a_3,b_1,__ABS__c
65,__ABS__a,b_3,c_2
66,__ABS__a,b_2,c_1
66,__ABS__a,b_4,c_2
66,a_5,b_3,c_4
66,a_4,__ABS__b,c_2
66,__ABS__a,b_5,c_4
66,a_2,b_1,__ABS__c
66,a_1,__ABS__b,c_4
66,a_3,b_5,__ABS__c
66,__ABS__a,b_3,c_2
66,a_3,b_2,__ABS__c
66,a_5,__ABS__b,c_3
66,a_1,b_1,__ABS__c
66,__ABS__a,b_5,c_5
66,a_2,b_3,__ABS__c
66,a_1,b_1,c_3
66,a_4,__ABS__b,c_5
66,a_2,b_4,c_5
66,a_3,__ABS__b,c_3
66,a_4,__ABS__b,c_1
66,__ABS__a,b_4,c_1
66,a_5,b_2,__ABS__c
67,a_3,b_3,c_3
67,a_4,b_3,__ABS__c
67,a_5,__ABS__b,c_3
67,__ABS__a,b_4,c_1
67,a_1,b_1,c_2
67,a_2,b_2,__ABS__c
67,a_3,__ABS__b,c_3
67,a_1,b_5,__ABS__c
67,a_3,b_2,__ABS__c
67,a_4,__ABS__b,c_1
67,a_1,__ABS__b,c_4
67,a_2,b_5,__ABS__c
67,a_5,__ABS__b,c_5
67,__ABS__a,b_5,c_5
67,__ABS__a,b_4,c_2
67,a_5,b_2,__ABS__c
67,__ABS__a,b_1,c_5
67,a_4,b_3,c_2
67,__ABS__a,b_1,c_4
67,a_2,__ABS__b,c_1
67,__ABS__a,b_4,c_4
68,a_3,b_2,__ABS__c
68,a_2,b_3,c_4
68,__ABS__a,b_5,c_3
68,a_4,b_1,__ABS__c
68,a_4,__ABS__b,c_2
68,__ABS__a,b_1,c_2
68,__ABS__a,b_5,c_1
68,a_4,b_2,__ABS__c
68,a_3,__ABS__b,c_3
68,a_5,__ABS__b,c_4
68,a_5,b_4,c_3
68,__ABS__a,b_2,c_5
68,a_1,b_3,c_5
68,__ABS__a,b_3,c_5
68,a_2,b_5,__ABS__c
68,a_3,__ABS__b,c_2
68,a_5,__ABS__b,c_1
68,a_1,__ABS__b,c_4
68,a_1,b_4,__ABS__c
68,__ABS__a,b_4,c_1
68,a_2,b_1,__ABS__c
69,a_4,b_2,c_3
69,__ABS__a,b_1,c_4
69,a_2,b_1,c_5
69,a_3,b_3,__ABS__c
69,__ABS__a,b_2,c_1
69,a_1,b_4,__ABS__c
69,a_5,__ABS__b,c_4
69,__ABS__a,b_3,c_5
69,__ABS__a,b_5,c_3
69,a_2,__ABS__b,c_3
69,__ABS__a,b_4,c_1
69,a_3,__ABS__b,c_4
69,a_4,b_5,__ABS__c
69,__ABS__a,b_4,c_2
69,a_5,__ABS__b,c_2
69,a_1,__ABS__b,c_2
69,a_5,b_1,__ABS__c
69,a_4,b_3,__ABS__c
69,a_3,__ABS__b,c_1
69,a_1,b_5,c_5
69,a_2,b_2,__ABS__c
70,a_1,b_1,__ABS__c
70,a_5,__ABS__b,c_1
70,__ABS__a,b_3,c_2
70,a_5,b_4,__ABS__c
70,a_3,b_3,__ABS__c
70,a_2,b_5,__ABS__c
70,a_5,b_1,__ABS__c
70,__ABS__a,b_2,c_2
70,a_2,__ABS__b,c_4
70,__ABS__a,b_5,c_3
70,a_4,__ABS__b,c_3
70,a_2,__ABS__b,c_5
70,__ABS__a,b_2,c_5
70,a_1,__ABS__b,c_1
70,a_4,b_3,c_5
70,__ABS__a,b_1,c_4
70,__ABS__a,b_4,c_2
70,a_3,b_4,__ABS__c
70,a_4,__ABS__b,c_4
70,a_3,b_5,c_3
70,a_1,b_2,c_1
71,a_1,b_4,__ABS__c
71,a_2,b_4,c_1
71,a_2,b_1,c_4
71,__ABS__a,b_2,c_4
71,a_1,__ABS__b,c_2
71,a_3,b_1,__ABS__c
71,a_4,b_5,__ABS__c
71,a_1,__ABS__b,c_5
71,a_3,__ABS__b,c_1
71,__ABS__a,b_3,c_4
71,__ABS__a,b_5,c_3
71,__ABS__a,b_4,c_5
71,a_4,b_3,__ABS__c
71,a_3,b_3,__ABS__c
71,__ABS__a,b_2,c_1
71,__ABS__a,b_1,c_2
71,a_4,__ABS__b,c_3
71,a_5,__ABS__b,c_5
71,a_5,__ABS__b,c_2
71,a_2,b_5,__ABS__c
71,a_5,b_2,c_3
72,__ABS__a,b_2,c_3
72,a_4,__ABS__b,c_3
72,a_4,b_2,c_1
72,a_2,b_1,__ABS__c
72,a_2,b_5,__ABS__c
72,__ABS__a,b_2,c_2
72,__ABS__a,b_3,c_5
72,a_3,b_4,__ABS__c
72,a_1,__ABS__b,c_1
72,__ABS__a,b_3,c_4
72,a_4,__ABS__b,c_4
72,a_2,b_3,__ABS__c
72,__ABS__a,b_5,c_1
72,a_5,__ABS__b,c_5
72,a_3,__ABS__b,c_2
72,a_5,b_5,__ABS__c
72,a_1,b_1,__ABS__c
72,__ABS__a,b_4,c_3
72,a_1,b_4,c_4
72,a_3,b_1,c_5
72,a_5,__ABS__b,c_2
73,__ABS__a,b_4,c_2
73,a_4,b_4,c_1
73,__ABS__a,b_5,c_2
73,a_5,b_2,__ABS__c
73,a_3,__ABS__b,c_5
73,a_2,__ABS__b,c_2
73,a_5,__ABS__b,c_3
73,__ABS__a,b_1,c_3
73,a_2,b_3,__ABS__c
73,a_1,__ABS__b,c_4
73,a_4,b_3,__ABS__c
73,a_1,b_2,__ABS__c
73,__ABS__a,b_1,c_4
73,a_4,b_4,__ABS__c
73,a_3,b_5,c_1
73,a_3,b_1,c_3
73,__ABS__a,b_5,c_1
73,a_2,__ABS__b,c_5
73,a_5,b_3,__ABS__c
73,a_1,__ABS__b,c_5
73,__ABS__a,b_2,c_4
74,a_4,b_2,__ABS__c
74,a_5,b_3,c_1
74,a_2,b_4,c_1
74,__ABS__a,b_4,c_2
74,__ABS__a,b_1,c_4
74,a_5,__ABS__b,c_3
74,__ABS__a,b_2,c_4
74,__ABS__a,b_1,c_2
74,a_5,b_5,__ABS__c
74,a_1,b_1,__ABS__c
74,a_3,b_5,__ABS__c
74,a_2,__ABS__b,c_3
74,a_4,__ABS__b,c_3
74,__ABS__a,b_3,c_4
74,a_2,__ABS__b,c_5
74,a_1,b_5,c_1
74,a_3,b_3,__ABS__c
74,a_4,__ABS__b,c_2
74,__ABS__a,b_2,c_5
74,a_3,__ABS__b,c_5
74,a_1,b_4,__ABS__c
75,a_2,b_5,__ABS__c
75,a_2,__ABS__b,c_4
75,a_5,b_2,__ABS__c
75,__ABS__a,b_4,c_5
75,a_5,b_5,__ABS__c
75,__ABS__a,b_1,c_5
75,__ABS__a,b_3,c_4
75,a_5,__ABS__b,c_2
75,a_4,__ABS__b,c_3
75,__ABS__a,b_4,c_4
75,a_4,b_1,__ABS__c
75,a_1,__ABS__b,c_3
75,a_4,__ABS__b,c_1
75,a_3,b_5,__ABS__c
75,a_2,b_3,c_5
75,a_3,b_2,c_3
75,__ABS__a,b_2,c_1
75,__ABS__a,b_4,c_2
75,a_3,b_3,__ABS__c
75,a_1,__ABS__b,c_2
75,a_1,b_1,c_1
76,a_2,__ABS__b,c_3
76,a_5,b_5,__ABS__c
76,a_3,b_5,c_5
76,a_5,b_2,__ABS__c
76,__ABS__a,b_3,c_5
76,a_5,b_1,__ABS__c
76,__ABS__a,b_3,c_1
76,__ABS__a,b_3,c_4
76,a_3,__ABS__b,c_5
76,__ABS__a,b_2,c_1
76,a_4,__ABS__b,c_4
76,a_1,b_2,__ABS__c
76,a_2,b_5,__ABS__c
76,a_2,b_4,c_4
76,__ABS__a,b_4,c_3
76,a_4,__ABS__b,c_1
76,a_1,b_4,c_2
76,__ABS__a,b_1,c_2
76,a_3,__ABS__b,c_3
76,a_4,b_1,__ABS__c
76,a_1,__ABS__b,c_2
77,a_2,b_5,c_2
77,a_4,b_5,c_4
77,__ABS__a,b_3,c_1
77,__ABS__a,b_2,c_4
77,__ABS__a,b_4,c_2
77,a_3,b_3,__ABS__c
77,a_2,__ABS__b,c_5
77,a_5,__ABS__b,c_1
77,a_5,b_1,__ABS__c
77,a_4,b_5,__ABS__c
77,a_3,__ABS__b,c_3
77,a_4,b_4,__ABS__c
77,a_2,b_2,c_4
77,a_1,__ABS__b,c_5
77,__ABS__a,b_3,c_3
77,__ABS__a,b_1,c_1
77,__ABS__a,b_1,c_5
77,a_1,__ABS__b,c_3
77,a_3,b_2,__ABS__c
77,a_1,__ABS__b,c_2
77,a_5,b_4,__ABS__c
78,__ABS__a,b_4,c_1
78,a_5,b_2,__ABS__c
78,a_3,b_5,c_2
78,__ABS__a,b_4,c_4
78,a_4,b_2,c_5
78,__ABS__a,b_3,c_2
78,a_3,__ABS__b,c_3
78,a_4,__ABS__b,c_3
78,a_3,b_4,__ABS__c
78,a_5,b_1,__ABS__c
78,a_2,__ABS__b,c_4
78,__ABS__a,b_1,c_1
78,a_1,__ABS__b,c_4
78,a_1,b_2,__ABS__c
78,a_4,__ABS__b,c_1
78,a_2,b_1,__ABS__c
78,__ABS__a,b_5,c_2
78,a_1,b_3,c_5
78,a_5,b_3,__ABS__c
78,a_2,__ABS__b,c_3
78,__ABS__a,b_5,c_5
79,a_2,b_5,__ABS__c
79,a_5,b_1,__ABS__c
79,a_3,b_2,__ABS__c
79,a_1,__ABS__b,c_4
79,a_5,__ABS__b,c_2
79,__ABS__a,b_3,c_2
79,__ABS__a,b_5,c_2
79,a_4,__ABS__b,c_4
79,__ABS__a,b_4,c_3
79,__ABS__a,b_3,c_3
79,a_4,__ABS__b,c_1
79,__ABS__a,b_2,c_3
79,a_2,b_1,__ABS__c
79,__ABS__a,b_2,c_1
79,a_3,b_5,__ABS__c
79,a_1,b_1,c_5
79,a_1,b_4,c_5
79,a_3,__ABS__b,c_5
79,a_4,b_3,__ABS__c
79,a_2,b_4,c_1
79,a_5,__ABS__b,c_4
80,__ABS__a,b_1,c_2
80,a_1,__ABS__b,c_3
80,__ABS__a,b_3,c_5
80,a_1,b_1,__ABS__c
80,__ABS__a,b_3,c_4
80,a_1,b_5,__ABS__c
80,a_2,__ABS__b,c_4
80,a_5,__ABS__b,c_5
80,__ABS__a,b_3,c_1
80,a_3,b_5,__ABS__c
80,a_5,__ABS__b,c_2
80,a_4,b_1,__ABS__c
80,a_4,__ABS__b,c_3
80,__ABS__a,b_2,c_2
80,a_3,__ABS__b,c_5
80,a_2,b_2,c_3
80,a_3,b_2,c_1
80,__ABS__a,b_4,c_4
80,a_2,b_4,c_1
80,a_5,b_4,__ABS__c
80,a_4,b_5,__ABS__c
81,__ABS__a,b_2,c_5
81,__ABS__a,b_5,c_4
81,a_3,__ABS__b,c_1
81,__ABS__a,b_4,c_4
81,a_3,b_2,c_5
81,a_4,__ABS__b,c_3
81,a_5,__ABS__b,c_1
81,a_4,b_1,__ABS__c
81,a_2,__ABS__b,c_5
81,a_4,__ABS__b,c_2
81,a_2,__ABS__b,c_2
81,a_3,b_2,__ABS__c
81,__ABS__a,b_1,c_3
81,a_1,b_4,__ABS__c
81,__ABS__a,b_3,c_1
81,__ABS__a,b_3,c_3
81,a_2,b_5,c_4
81,a_1,b_1,c_2
81,a_5,b_4,__ABS__c
81,a_1,b_3,__ABS__c
81,a_5,b_5,__ABS__c
82,__ABS__a,b_1,c_2
82,__ABS__a,b_5,c_3
82,a_2,b_3,__ABS__c
82,a_3,__ABS__b,c_2
82,__ABS__a,b_5,c_5
82,__ABS__a,b_1,c_1
82,__ABS__a,b_3,c_4
82,a_5,b_2,__ABS__c
82,a_1,__ABS__b,c_2
82,a_2,b_5,__ABS__c
82,a_3,b_2,__ABS__c
82,a_2,b_4,__ABS__c
82,a_1,__ABS__b,c_1
82,__ABS__a,b_2,c_5
82,a_4,__ABS__b,c_1
82,a_5,b_3,c_3
82,a_5,__ABS__b,c_4
82,a_4,b_1,c_4
82,a_1,b_4,c_5
82,a_4,b_4,__ABS__c
82,a_3,__ABS__b,c_3
83,a_5,b_1,c_3
83,a_2,b_4,__ABS__c
83,a_2,b_5,__ABS__c
83,a_4,__ABS__b,c_2
83,a_3,__ABS__b,c_3
83,a_2,__ABS__b,c_5
83,a_4,__ABS__b,c_1
83,__ABS__a,b_4,c_4
83,__ABS__a,b_3,c_4
83,__ABS__a,b_5,c_1
83,a_1,b_1,__ABS__c
83,__ABS__a,b_2,c_5
83,a_5,__ABS__b,c_2
83,a_3,b_2,__ABS__c
83,__ABS__a,b_4,c_2
83,a_1,b_3,c_1
83,a_4,__ABS__b,c_4
83,__ABS__a,b_3,c_5
83,a_5,b_5,__ABS__c
83,a_3,b_1,__ABS__c
83,a_1,b_2,c_3
84,a_3,__ABS__b,c_1
84,__ABS__a,b_2,c_5
84,a_3,b_1,__ABS__c
84,a_1,b_4,__ABS__c
84,a_1,b_5,__ABS__c
84,a_5,__ABS__b,c_4
84,a_4,__ABS__b,c_5
84,a_3,b_4,c_2
84,a_4,__ABS__b,c_4
84,__ABS__a,b_5,c_1
84,a_1,__ABS__b,c_2
84,a_2,b_2,c_3
84,a_5,__ABS__b,c_3
84,a_4,b_5,__ABS__c
84,__ABS__a,b_3,c_1
84,__ABS__a,b_2,c_3
84,a_2,b_4,__ABS__c
84,__ABS__a,b_1,c_5
84,a_2,b_3,__ABS__c
84,a_5,b_3,c_4
84,__ABS__a,b_1,c_2
85,a_1,b_4,__ABS__c
85,__ABS__a,b_1,c_1
85,a_3,b_2,__ABS__c
85,a_5,__ABS__b,c_2
85,a_2,b_5,c_5
85,__ABS__a,b_4,c_3
85,__ABS__a,b_2,c_2
85,a_1,b_5,__ABS__c
85,__ABS__a,b_4,c_4
85,a_2,__ABS__b,c_5
85,__ABS__a,b_3,c_3
85,__ABS__a,b_3,c_4
85,a_3,__ABS__b,c_4
85,a_4,b_3,__ABS__c
85,a_4,__ABS__b,c_1
85,a_2,__ABS__b,c_2
85,a_3,b_1,c_5
85,a_1,b_2,__ABS__c
85,a_5,b_5,c_3
85,a_4,b_1,__ABS__c
85,a_5,__ABS__b,c_1
86,a_5,b_2,__ABS__c
86,a_4,b_4,__ABS__c
86,a_5,__ABS__b,c_3
86,__ABS__a,b_3,c_2
86,a_1,__ABS__b,c_1
86,a_2,__ABS__b,c_5
86,a_3,b_1,__ABS__c
86,__ABS__a,b_5,c_1
86,a_4,b_1,__ABS__c
86,a_3,b_2,c_5
86,__ABS__a,b_1,c_1
86,__ABS__a,b_2,c_4
86,a_4,__ABS__b,c_3
86,__ABS__a,b_4,c_5
86,a_2,__ABS__b,c_4
86,a_5,b_5,c_2
86,a_3,__ABS__b,c_3
86,a_1,b_4,c_2
86,a_2,b_3,__ABS__c
86,__ABS__a,b_3,c_4
86,a_1,b_5,__ABS__c
87,__ABS__a,b_3,c_2
87,a_4,__ABS__b,c_2
87,__ABS__a,b_5,c_4
87,__ABS__a,b_1,c_4
87,a_3,__ABS__b,c_5
87,__ABS__a,b_4,c_1
87,a_2,__ABS__b,c_1
87,a_3,b_2,c_5
87,a_4,b_4,__ABS__c
87,a_5,b_2,__ABS__c
87,a_4,b_1,__ABS__c
87,a_3,__ABS__b,c_3
87,__ABS__a,b_4,c_4
87,a_5,b_5,__ABS__c
87,a_1,__ABS__b,c_3
87,a_5,b_3,c_1
87,a_1,b_2,c_2
87,a_1,b_1,__ABS__c
87,a_2,b_3,__ABS__c
87,__ABS__a,b_5,c_5
87,a_2,__ABS__b,c_3
88,a_2,b_3,__ABS__c
88,a_5,__ABS__b,c_4
88,__ABS__a,b_4,c_1
88,__ABS__a,b_5,c_2
88,__ABS__a,b_1,c_3
88,__ABS__a,b_2,c_1
88,a_3,__ABS__b,c_1
88,a_3,b_1,__ABS__c
88,a_5,__ABS__b,c_5
88,__ABS__a,b_3,c_3
88,a_2,b_3,c_5
88,a_1,__ABS__b,c_4
88,a_1,b_2,__ABS__c
88,a_4,b_5,c_4
88,a_4,b_5,__ABS__c
88,a_1,b_4,__ABS__c
88,a_3,b_2,c_2
88,a_4,__ABS__b,c_5
88,a_2,b_1,__ABS__c
88,a_5,__ABS__b,c_3
88,__ABS__a,b_4,c_2
89,a_3,b_4,c_4
89,__ABS__a,b_2,c_2
89,a_5,__ABS__b,c_4
89,a_3,__ABS__b,c_3
89,__ABS__a,b_1,c_5
89,a_5,b_3,__ABS__c
89,__ABS__a,b_1,c_1
89,a_2,__ABS__b,c_1
89,a_1,b_4,__ABS__c
89,a_1,b_2,__ABS__c
89,a_5,b_4,__ABS__c
89,__ABS__a,b_5,c_1
89,a_4,b_5,__ABS__c
89,__ABS__a,b_2,c_3
89,a_2,b_3,c_2
89,a_1,b_5,__ABS__c
89,a_2,__ABS__b,c_5
89,a_4,__ABS__b,c_3
89,__ABS__a,b_3,c_5
89,a_3,__ABS__b,c_2
89,a_4,b_1,c_4
90,a_3,__ABS__b,c_4
90,__ABS__a,b_4,c_5
90,__ABS__a,b_2,c_3
90,__ABS__a,b_5,c_4
90,__ABS__a,b_3,c_2
90,a_2,b_3,__ABS__c
90,a_5,b_1,__ABS__c
90,a_4,__ABS__b,c_3
90,a_5,b_4,__ABS__c
90,__ABS__a,b_5,c_2
90,a_5,b_2,__ABS__c
90,a_3,b_2,c_5
90,a_4,__ABS__b,c_4
90,a_2,b_5,__ABS__c
90,a_1,b_4,__ABS__c
90,a_1,__ABS__b,c_3
90,a_1,__ABS__b,c_2
90,a_2,__ABS__b,c_1
90,__ABS__a,b_1,c_5
90,a_4,b_3,c_1
90,a_3,b_1,c_1
91,a_3,b_3,c_1
91,a_3,b_3,c_5
91,a_2,b_2,c_1
91,a_5,b_4,__ABS__c
91,a_1,b_4,__ABS__c
91,a_3,__ABS__b,c_4
91,__ABS__a,b_1,c_1
91,a_4,b_4,__ABS__c
91,a_1,__ABS__b,c_2
91,a_4,__ABS__b,c_2
91,__ABS__a,b_5,c_4
91,a_5,__ABS__b,c_3
91,a_1,__ABS__b,c_3
91,a_5,__ABS__b,c_5
91,a_2,b_5,__ABS__c
91,__ABS__a,b_1,c_4
91,a_2,b_2,__ABS__c
91,__ABS__a,b_2,c_3
91,a_4,b_3,__ABS__c
91,__ABS__a,b_5,c_2
91,__ABS__a,b_1,c_5
92,a_3,b_4,c_5
92,__ABS__a,b_4,c_1
92,a_1,b_5,__ABS__c
92,__ABS__a,b_1,c_4
92,a_5,b_2,__ABS__c
92,__ABS__a,b_5,c_3
92,a_1,__ABS__b,c_1
92,__ABS__a,b_1,c_3
92,a_5,b_4,__ABS__c
92,__ABS__a,b_5,c_5
92,a_2,__ABS__b,c_4
92,a_4,b_2,__ABS__c
92,a_4,__ABS__b,c_5
92,__ABS__a,b_3,c_4
92,a_2,b_3,__ABS__c
92,a_3,b_2,__ABS__c
92,a_1,__ABS__b,c_2
92,a_3,__ABS__b,c_1
92,a_4,b_1,c_2
92,a_5,b_3,c_2
92,a_2,__ABS__b,c_3
93,a_5,b_3,__ABS__c
93,a_3,__ABS__b,c_3
93,__ABS__a,b_1,c_4
93,a_2,b_3,__ABS__c
93,a_4,__ABS__b,c_4
93,a_2,__ABS__b,c_3
93,__ABS__a,b_5,c_5
93,__ABS__a,b_1,c_1
93,a_3,b_5,__ABS__c
93,a_5,b_5,__ABS__c
93,a_3,b_4,__ABS__c
93,__ABS__a,b_2,c_1
93,a_2,__ABS__b,c_5
93,a_1,b_4,c_5
93,a_4,__ABS__b,c_2
93,a_1,__ABS__b,c_2
93,__ABS__a,b_4,c_4
93,a_5,b_2,__ABS__c
93,__ABS__a,b_3,c_3
93,a_1,b_2,c_1
93,a_4,b_1,c_2
94,__ABS__a,b_2,c_1
94,a_2,__ABS__b,c_2
94,a_1,__ABS__b,c_5
94,__ABS__a,b_4,c_3
94,__ABS__a,b_2,c_2
94,__ABS__a,b_5,c_5
94,a_5,b_5,__ABS__c
94,a_5,__ABS__b,c_2
94,a_4,__ABS__b,c_1
94,a_2,b_5,__ABS__c
94,__ABS__a,b_3,c_3
94,a_4,b_2,c_3
94,a_3,b_1,__ABS__c
94,a_3,b_3,__ABS__c
94,a_1,__ABS__b,c_1
94,__ABS__a,b_4,c_4
94,a_3,b_1,c_4
94,a_4,b_4,c_5
94,a_1,__ABS__b,c_4
94,a_5,b_3,__ABS__c
94,a_2,b_1,__ABS__c
95,a_3,__ABS__b,c_1
95,a_2,b_5,__ABS__c
95,a_1,__ABS__b,c_4
95,a_4,__ABS__b,c_4
95,__ABS__a,b_1,c_2
95,__ABS__a,b_1,c_1
95,a_3,b_4,__ABS__c
95,a_5,b_4,__ABS__c
95,a_4,b_3,__ABS__c
95,__ABS__a,b_3,c_3
95,a_2,__ABS__b,c_4
95,a_1,__ABS__b,c_5
95,__ABS__a,b_1,c_5
95,a_5,b_5,c_1
95,a_2,b_2,c_5
95,a_5,__ABS__b,c_3
95,a_4,b_2,__ABS__c
95,a_1,b_4,__ABS__c
95,__ABS__a,b_3,c_2
95,__ABS__a,b_5,c_2
95,a_3,b_2,c_3
96,a_4,__ABS__b,c_2
96,a_5,__ABS__b,c_1
96,__ABS__a,b_3,c_5
96,__ABS__a,b_5,c_3
96,a_2,b_4,__ABS__c
96,a_1,__ABS__b,c_4
96,__ABS__a,b_1,c_5
96,__ABS__a,b_4,c_5
96,a_5,__ABS__b,c_3
96,__ABS__a,b_4,c_1
96,a_4,b_2,__ABS__c
96,a_1,b_3,__ABS__c
96,a_3,__ABS__b,c_1
96,a_3,b_3,__ABS__c
96,a_2,b_2,__ABS__c
96,a_1,b_1,c_3
96,a_5,b_1,__ABS__c
96,__ABS__a,b_2,c_4
96,a_3,b_5,c_2
96,a_4,b_5,c_4
96,a_2,__ABS__b,c_2
97,__ABS__a,b_4,c_5
97,a_3,b_2,__ABS__c
97,a_2,b_1,__ABS__c
97,a_5,__ABS__b,c_1
97,__ABS__a,b_5,c_3
97,a_5,b_5,__ABS__c
97,a_1,b_3,c_5
97,a_2,b_2,__ABS__c
97,__ABS__a,b_1,c_2
97,a_3,__ABS__b,c_1
97,__ABS__a,b_3,c_4
97,a_5,b_4,c_5
97,a_2,__ABS__b,c_1
97,__ABS__a,b_3,c_2
97,a_3,__ABS__b,c_2
97,a_1,b_4,__ABS__c
97,a_1,__ABS__b,c_4
97,a_4,b_5,c_3
97,a_4,__ABS__b,c_4
97,__ABS__a,b_2,c_3
97,a_4,b_1,__ABS__c
98,a_1,b_2,__ABS__c
98,__ABS__a,b_4,c_5
98,__ABS__a,b_1,c_1
98,a_1,__ABS__b,c_1
98,__ABS__a,b_5,c_2
98,a_2,b_2,c_4
98,__ABS__a,b_2,c_5
98,__ABS__a,b_3,c_5
98,a_5,b_1,c_3
98,a_5,__ABS__b,c_3
98,a_4,__ABS__b,c_3
98,a_3,b_1,c_4
98,a_2,__ABS__b,c_2
98,a_3,b_3,__ABS__c
98,a_4,b_4,__ABS__c
98,a_3,__ABS__b,c_1
98,a_2,b_5,__ABS__c
98,__ABS__a,b_3,c_4
98,a_4,__ABS__b,c_2
98,a_5,b_5,__ABS__c
98,a_1,b_4,__ABS__c
99,__ABS__a,b_1,c_2
99,a_5,b_5,__ABS__c
99,a_3,__ABS__b,c_2
99,a_1,__ABS__b,c_3
99,a_2,b_4,__ABS__c
99,a_5,__ABS__b,c_3
99,a_4,b_5,__ABS__c
99,a_3,b_2,__ABS__c
99,a_1,b_2,c_1
99,__ABS__a,b_1,c_5
99,a_1,b_4,__ABS__c
99,__ABS__a,b_3,c_4
99,__ABS__a,b_1,c_4
99,a_2,b_3,c_2
99,a_3,__ABS__b,c_1
99,a_5,__ABS__b,c_5
99,a_2,__ABS__b,c_1
99,a_4,b_2,c_5
99,a_4,b_3,__ABS__c
99,__ABS__a,b_5,c_3
99,__ABS__a,b_4,c_4
100,__ABS__a,b_3,c_1
100,a_5,__ABS__b,c_2
100,__ABS__a,b_3,c_2
100,a_5,b_2,__ABS__c
100,a_2,b_3,__ABS__c
100,__ABS__a,b_4,c_4
100,__ABS__a,b_4,c_3
100,a_3,b_2,__ABS__c
100,__ABS__a,b_2,c_5
100,a_4,__ABS__b,c_5
100,a_2,__ABS__b,c_4
100,a_3,b_5,__ABS__c
100,__ABS__a,b_1,c_5
100,a_1,__ABS__b,c_4
100,a_2,b_5,__ABS__c
100,a_5,__ABS__b,c_3
100,a_1,__ABS__b,c_1
100,a_3,b_4,c_2
100,a_1,b_5,c_1
100,a_4,b_1,__ABS__c
100,a_4,b_1,c_3
101,__ABS__a,b_2,c_2
101,a_1,b_5,__ABS__c
101,a_4,b_3,__ABS__c
101,a_3,__ABS__b,c_5
101,a_2,__ABS__b,c_2
101,__ABS__a,b_4,c_4
101,a_3,__ABS__b,c_1
101,a_3,b_4,__ABS__c
101,__ABS__a,b_3,c_5
101,__ABS__a,b_1,c_4
101,__ABS__a,b_1,c_1
101,a_4,__ABS__b,c_2
101,a_1,b_1,__ABS__c
101,a_5,__ABS__b,c_1
101,a_2,b_3,c_3
101,a_2,b_5,__ABS__c
101,a_5,b_4,c_3
101,a_5,b_2,__ABS__c
101,__ABS__a,b_5,c_3
101,a_4,__ABS__b,c_5
101,a_1,b_2,c_4
102,a_5,__ABS__b,c_5
102,__ABS__a,b_5,c_1
102,a_5,__ABS__b,c_3
102,a_2,b_2,__ABS__c
102,a_5,b_2,c_4
102,a_2,b_3,__ABS__c
102,a_4,__ABS__b,c_5
102,a_1,b_5,c_4
102,__ABS__a,b_3,c_5
102,__ABS__a,b_4,c_3
102,a_2,b_1,__ABS__c
102,a_4,b_1,c_1
102,a_3,__ABS__b,c_4
102,__ABS__a,b_1,c_2
102,a_1,b_2,__ABS__c
102,__ABS__a,b_3,c_1
102,a_3,__ABS__b,c_2
102,a_3,b_4,__ABS__c
102,a_1,__ABS__b,c_3
102,a_4,b_4,__ABS__c
102,__ABS__a,b_5,c_2
103,a_2,__ABS__b,c_3
103,a_1,b_2,c_5
103,a_5,b_4,__ABS__c
103,__ABS__a,b_4,c_5
103,a_3,__ABS__b,c_5
103,a_1,__ABS__b,c_1
103,a_5,__ABS__b,c_3
103,__ABS__a,b_3,c_4
103,a_5,__ABS__b,c_4
103,a_4,b_2,__ABS__c
103,a_2,b_3,__ABS__c
103,a_2,b_5,__ABS__c
103,__ABS__a,b_3,c_3
103,__ABS__a,b_1,c_2
103,__ABS__a,b_4,c_2
103,__ABS__a,b_1,c_1
103,a_4,b_5,__ABS__c
103,a_3,b_5,c_1
103,a_1,b_1,__ABS__c
103,a_4,b_2,c_4
103,a_3,__ABS__b,c_2
104,a_4,b_2,__ABS__c
104,a_4,b_4,__ABS__c
104,__ABS__a,b_2,c_4
104,a_3,__ABS__b,c_1
104,a_5,b_2,__ABS__c
104,a_4,__ABS__b,c_4
104,a_2,__ABS__b,c_1
104,a_1,__ABS__b,c_2
104,__ABS__a,b_3,c_3
104,a_2,b_4,__ABS__c
104,__ABS__a,b_1,c_3
104,a_5,__ABS__b,c_5
104,__ABS__a,b_5,c_4
104,a_2,b_5,c_3
104,a_1,b_3,c_2
104,a_1,b_4,__ABS__c
104,a_5,__ABS__b,c_2
104,__ABS__a,b_1,c_5
104,__ABS__a,b_5,c_5
104,a_3,b_1,c_1
104,a_3,b_3,__ABS__c
105,__ABS__a,b_4,c_1
105,a_2,__ABS__b,c_2
105,a_2,b_2,__ABS__c
105,__ABS__a,b_4,c_2
105,a_3,__ABS__b,c_3
105,a_2,__ABS__b,c_5
105,__ABS__a,b_3,c_1
105,a_1,b_1,__ABS__c
105,__ABS__a,b_1,c_1
105,a_3,__ABS__b,c_4
105,a_1,b_5,__ABS__c
105,a_5,b_1,c_3
105,a_3,b_2,__ABS__c
105,__ABS__a,b_3,c_5
105,a_4,__ABS__b,c_2
105,a_4,b_5,__ABS__c
105,a_5,b_5,c_4
105,a_4,__ABS__b,c_4
105,__ABS__a,b_4,c_3
105,a_5,b_3,c_5
105,a_1,b_2,__ABS__c
106,a_5,b_3,__ABS__c
106,__ABS__a,b_1,c_4
106,a_3,b_5,c_1
106,a_5,b_5,__ABS__c
106,a_3,__ABS__b,c_2
106,__ABS__a,b_1,c_3
106,a_4,__ABS__b,c_4
106,a_1,__ABS__b,c_5
106,a_4,__ABS__b,c_5
106,a_2,b_2,__ABS__c
106,a_2,b_3,c_2
106,__ABS__a,b_4,c_1
106,a_5,b_2,__ABS__c
106,a_4,b_1,__ABS__c
106,a_3,__ABS__b,c_1
106,a_1,b_3,c_3
106,a_1,b_5,__ABS__c
106,__ABS__a,b_4,c_5
106,a_2,__ABS__b,c_4
106,__ABS__a,b_2,c_3
106,__ABS__a,b_4,c_2
107,a_3,b_3,c_4
107,a_3,b_1,__ABS__c
107,a_2,b_1,__ABS__c
107,__ABS__a,b_4,c_5
107,a_4,__ABS__b,c_3
107,a_1,b_3,__ABS__c
107,__ABS__a,b_2,c_3
107,__ABS__a,b_5,c_1
107,__ABS__a,b_1,c_4
107,a_3,b_4,__ABS__c
107,a_4,__ABS__b,c_4
107,a_5,__ABS__b,c_2
107,__ABS__a,b_5,c_2
107,a_1,__ABS__b,c_5
107,a_4,b_2,__ABS__c
107,a_5,__ABS__b,c_3
107,a_2,__ABS__b,c_2
107,a_2,b_3,c_1
107,a_5,b_2,c_5
107,__ABS__a,b_4,c_1
107,a_1,b_5,__ABS__c
108,a_1,b_3,c_1
108,__ABS__a,b_1,c_1
108,a_2,__ABS__b,c_2
108,a_3,b_3,__ABS__c
108,a_3,b_5,__ABS__c
108,a_4,__ABS__b,c_1
108,__ABS__a,b_4,c_3
108,a_4,__ABS__b,c_3
108,a_1,b_3,__ABS__c
108,a_5,b_4,c_5
108,a_1,b_2,__ABS__c
108,a_5,b_5,__ABS__c
108,__ABS__a,b_2,c_4
108,__ABS__a,b_4,c_4
108,a_3,__ABS__b,c_4
108,a_2,b_5,__ABS__c
108,a_2,b_2,c_2
108,a_4,__ABS__b,c_2
108,__ABS__a,b_1,c_3
108,a_5,__ABS__b,c_5
108,__ABS__a,b_1,c_5
109,a_5,b_5,c_4
109,a_2,__ABS__b,c_2
109,a_3,b_3,c_5
109,a_5,__ABS__b,c_1
109,__ABS__a,b_3,c_3
109,__ABS__a,b_5,c_3
109,a_1,__ABS__b,c_3
109,__ABS__a,b_1,c_2
109,a_5,b_2,__ABS__c
109,__ABS__a,b_2,c_5
109,a_3,b_2,__ABS__c
109,a_2,b_1,__ABS__c
109,a_3,b_4,__ABS__c
109,a_1,b_4,__ABS__c
109,a_4,__ABS__b,c_5
109,a_2,b_4,c_1
109,a_4,__ABS__b,c_1
109,__ABS__a,b_1,c_4
109,__ABS__a,b_5,c_4
109,a_1,__ABS__b,c_2
109,a_4,b_3,__ABS__c
110,a_3,b_1,c_3
110,a_5,b_4,c_2
110,__ABS__a,b_4,c_5
110,__ABS__a,b_2,c_1
110,a_2,__ABS__b,c_1
110,a_5,b_3,__ABS__c
110,a_5,b_5,c_3
110,__ABS__a,b_5,c_5
110,__ABS__a,b_4,c_4
110,__ABS__a,b_1,c_4
110,__ABS__a,b_2,c_4
110,a_3,b_3,__ABS__c
110,a_1,__ABS__b,c_3
110,a_2,__ABS__b,c_5
110,a_1,__ABS__b,c_1
110,a_4,__ABS__b,c_2
110,a_1,b_5,__ABS__c
110,a_4,b_3,__ABS__c
110,a_4,b_1,__ABS__c
110,a_2,b_2,__ABS__c
110,a_3,__ABS__b,c_2
111,a_1,__ABS__b,c_5
111,__ABS__a,b_1,c_1
111,a_5,__ABS__b,c_2
111,a_5,b_3,__ABS__c
111,a_4,__ABS__b,c_5
111,__ABS__a,b_5,c_3
111,__ABS__a,b_5,c_4
111,__ABS__a,b_3,c_1
111,a_1,b_4,__ABS__c
111,__ABS__a,b_1,c_2
111,a_4,b_2,__ABS__c
111,a_3,b_4,__ABS__c
111,a_4,__ABS__b,c_4
111,a_1,b_2,__ABS__c
111,a_2,b_2,__ABS__c
111,a_3,b_4,c_5
111,__ABS__a,b_5,c_1
111,a_3,b_1,c_3
111,a_2,__ABS__b,c_2
111,a_5,b_3,c_3
111,a_2,__ABS__b,c_4
112,a_4,b_3,__ABS__c
112,a_5,b_1,__ABS__c
112,a_2,b_3,__ABS__c
112,__ABS__a,b_5,c_5
112,a_3,__ABS__b,c_5
112,__ABS__a,b_2,c_4
112,a_4,__ABS__b,c_3
112,__ABS__a,b_1,c_5
112,a_2,b_4,c_1
112,__ABS__a,b_2,c_3
112,__ABS__a,b_5,c_2
112,a_3,b_3,__ABS__c
112,a_1,__ABS__b,c_1
112,a_1,b_4,c_2
112,a_5,__ABS__b,c_2
112,a_5,__ABS__b,c_4
112,a_2,b_5,__ABS__c
112,a_1,b_4,__ABS__c
112,a_3,__ABS__b,c_1
112,__ABS__a,b_1,c_3
112,a_4,b_2,c_4
113,__ABS__a,b_2,c_4
113,a_1,b_3,c_2
113,__ABS__a,b_3,c_3
113,__ABS__a,b_1,c_2
113,a_3,__ABS__b,c_1
113,a_1,__ABS__b,c_1
113,a_5,b_1,__ABS__c
113,a_3,b_3,c_5
113,__ABS__a,b_2,c_3
113,a_4,b_2,__ABS__c
113,a_3,__ABS__b,c_5
113,a_2,b_5,__ABS__c
113,a_1,b_5,__ABS__c
113,a_2,__ABS__b,c_3
113,__ABS__a,b_4,c_1
113,a_5,b_5,c_4
113,a_4,b_4,__ABS__c
113,a_5,__ABS__b,c_5
113,a_4,__ABS__b,c_4
113,a_2,b_1,__ABS__c
113,__ABS__a,b_4,c_2
114,a_4,b_2,c_4
114,a_2,b_4,__ABS__c
114,a_1,b_3,__ABS__c
114,__ABS__a,b_5,c_2
114,__ABS__a,b_2,c_1
114,a_4,__ABS__b,c_3
114,__ABS__a,b_3,c_4
114,a_2,b_1,__ABS__c
114,a_5,__ABS__b,c_5
114,__ABS__a,b_1,c_2
114,a_4,__ABS__b,c_2
114,a_3,__ABS__b,c_3
114,a_5,b_4,c_5
114,a_5,b_5,__ABS__c
114,a_1,b_5,__ABS__c
114,a_2,b_2,c_1
114,__ABS__a,b_1,c_5
114,__ABS__a,b_3,c_1
114,a_3,__ABS__b,c_4
114,a_1,__ABS__b,c_3
114,a_3,b_4,__ABS__c
115,a_5,b_1,__ABS__c
115,__ABS__a,b_4,c_2
115,a_4,b_4,__ABS__c
115,__ABS__a,b_1,c_2
115,a_1,b_2,__ABS__c
115,__ABS__a,b_3,c_2
115,a_2,__ABS__b,c_3
115,__ABS__a,b_5,c_5
115,a_1,__ABS__b,c_1
115,a_4,__ABS__b,c_3
115,a_3,b_5,__ABS__c
115,a_5,__ABS__b,c_1
115,a_3,b_3,__ABS__c
115,a_1,b_1,__ABS__c
115,a_2,__ABS__b,c_4
115,__ABS__a,b_4,c_1
115,a_2,b_5,c_5
115,a_3,__ABS__b,c_5
115,a_4,b_3,c_3
115,a_5,b_2,c_4
115,__ABS__a,b_2,c_4
116,a_5,__ABS__b,c_3
116,a_2,__ABS__b,c_3
116,__ABS__a,b_5,c_3
116,__ABS__a,b_3,c_4
116,a_3,b_3,__ABS__c
116,a_4,__ABS__b,c_1
116,__ABS__a,b_5,c_4
116,__ABS__a,b_4,c_1
116,a_1,b_1,__ABS__c
116,a_3,__ABS__b,c_2
116,__ABS__a,b_1,c_4
116,a_5,b_3,__ABS__c
116,a_1,b_5,__ABS__c
116,a_5,b_2,__ABS__c
116,a_4,b_4,__ABS__c
116,a_3,b_4,c_5
116,a_2,__ABS__b,c_5
116,__ABS__a,b_1,c_5
116,a_2,__ABS__b,c_1
116,a_1,b_2,c_2
116,a_4,b_2,c_2
117,__ABS__a,b_2,c_5
117,__ABS__a,b_1,c_1
117,a_4,b_5,c_1
117,__ABS__a,b_4,c_3
117,a_2,__ABS__b,c_2
117,a_3,__ABS__b,c_3
117,__ABS__a,b_4,c_2
117,a_2,b_5,__ABS__c
117,a_5,b_1,__ABS__c
117,a_3,__ABS__b,c_4
117,a_5,b_2,__ABS__c
117,a_1,b_2,__ABS__c
117,a_2,__ABS__b,c_5
117,a_1,b_5,__ABS__c
117,__ABS__a,b_3,c_1
117,a_5,__ABS__b,c_4
117,a_3,b_1,__ABS__c
117,a_4,b_3,c_2
117,a_1,b_3,c_3
117,a_4,__ABS__b,c_4
117,__ABS__a,b_4,c_5
118,a_3,b_3,__ABS__c
118,__ABS__a,b_5,c_2
118,a_2,__ABS__b,c_1
118,a_5,__ABS__b,c_2
118,a_2,__ABS__b,c_3
118,a_2,b_1,__ABS__c
118,__ABS__a,b_4,c_5
118,__ABS__a,b_5,c_4
118,a_5,b_1,c_4
118,__ABS__a,b_1,c_5
118,__ABS__a,b_4,c_3
118,a_3,__ABS__b,c_1
118,a_5,__ABS__b,c_4
118,a_1,b_2,__ABS__c
118,a_3,b_2,__ABS__c
118,a_4,b_3,__ABS__c
118,__ABS__a,b_3,c_5
118,a_1,b_5,c_3
118,a_4,b_4,__ABS__c
118,a_4,__ABS__b,c_1
118,a_1,b_2,c_2
119,a_1,b_2,c_1
119,a_2,b_2,__ABS__c
119,a_3,__ABS__b,c_4
119,__ABS__a,b_3,c_4
119,a_5,__ABS__b,c_5
119,__ABS__a,b_2,c_3
119,a_3,__ABS__b,c_3
119,a_1,b_3,__ABS__c
119,a_4,__ABS__b,c_1
119,a_5,b_5,__ABS__c
119,__ABS__a,b_3,c_2
119,a_4,b_4,__ABS__c
119,a_5,__ABS__b,c_4
119,a_1,__ABS__b,c_5
119,__ABS__a,b_1,c_1
119,a_4,b_4,c_2
119,a_2,b_5,__ABS__c
119,a_3,b_1,__ABS__c
119,__ABS__a,b_5,c_3
119,__ABS__a,b_4,c_5
119,a_2,b_1,c_2
120,a_5,__ABS__b,c_2
120,a_3,__ABS__b,c_4
120,a_2,b_2,__ABS__c
120,__ABS__a,b_1,c_3
120,a_2,b_5,__ABS__c
120,a_2,__ABS__b,c_5
120,__ABS__a,b_3,c_1
120,__ABS__a,b_5,c_5
120,a_1,b_2,__ABS__c
120,__ABS__a,b_3,c_3
120,__ABS__a,b_4,c_1
120,a_5,b_4,__ABS__c
120,__ABS__a,b_3,c_4
120,a_3,b_1,c_4
120,a_1,b_2,c_2
120,a_4,__ABS__b,c_3
120,a_4,b_1,__ABS__c
120,a_5,__ABS__b,c_5
120,a_3,__ABS__b,c_1
120,a_4,b_4,c_2
120,a_1,b_5,__ABS__c
121,__ABS__a,b_1,c_1
121,a_4,b_5,c_4
121,a_3,b_3,c_5
121,a_1,__ABS__b,c_2
121,a_1,__ABS__b,c_3
121,a_4,b_3,__ABS__c
121,a_2,__ABS__b,c_2
121,a_2,b_3,__ABS__c
121,a_3,b_1,__ABS__c
121,a_4,b_4,__ABS__c
121,a_2,b_2,__ABS__c
121,a_3,__ABS__b,c_3
121,__ABS__a,b_2,c_2
121,a_5,__ABS__b,c_5
121,__ABS__a,b_4,c_3
121,__ABS__a,b_5,c_1
121,a_1,b_4,c_4
121,a_5,b_1,__ABS__c
121,__ABS__a,b_5,c_5
121,__ABS__a,b_2,c_1
121,a_5,__ABS__b,c_4
122,a_5,b_3,c_3
122,a_3,b_1,c_2
122,a_4,__ABS__b,c_5
122,a_3,b_2,__ABS__c
122,a_5,b_5,__ABS__c
122,__ABS__a,b_3,c_5
122,a_4,b_3,__ABS__c
122,a_1,__ABS__b,c_3
122,a_5,__ABS__b,c_1
122,a_2,b_1,__ABS__c
122,a_4,__ABS__b,c_4
122,a_1,b_4,__ABS__c
122,__ABS__a,b_4,c_2
122,a_2,b_4,__ABS__c
122,__ABS__a,b_2,c_1
122,a_1,__ABS__b,c_4
122,__ABS__a,b_5,c_2
122,__ABS__a,b_2,c_4
122,a_3,b_5,c_5
122,__ABS__a,b_1,c_1
122,a_2,__ABS__b,c_3
123,__ABS__a,b_3,c_5
123,a_5,b_4,__ABS__c
123,a_4,b_1,c_4
123,a_1,__ABS__b,c_2
123,a_4,__ABS__b,c_4
123,a_4,b_5,__ABS__c
123,__ABS__a,b_2,c_5
123,a_3,__ABS__b,c_3
123,a_2,b_5,__ABS__c
123,__ABS__a,b_4,c_2
123,a_5,b_2,c_1
123,a_3,b_3,__ABS__c
123,a_3,__ABS__b,c_4
123,a_1,b_4,__ABS__c
123,a_1,b_1,c_2
123,__ABS__a,b_2,c_3
123,__ABS__a,b_1,c_1
123,a_5,__ABS__b,c_1
123,a_2,__ABS__b,c_3
123,__ABS__a,b_5,c_5
123,a_2,b_3,__ABS__c
124,a_5,b_3,c_3
124,a_5,b_1,__ABS__c
124,a_4,b_1,c_5
124,a_2,__ABS__b,c_4
124,a_2,__ABS__b,c_3
124,a_4,b_4,__ABS__c
124,a_5,b_2,__ABS__c
124,a_1,b_5,__ABS__c
124,__ABS__a,b_5,c_5
124,__ABS__a,b_5,c_1
124,a_1,b_2,__ABS__c
124,__ABS__a,b_4,c_1
124,a_3,b_1,c_2
124,a_3,__ABS__b,c_1
124,a_1,__ABS__b,c_2
124,a_3,__ABS__b,c_4
124,__ABS__a,b_3,c_4
124,a_4,b_3,__ABS__c
124,a_2,__ABS__b,c_2
124,__ABS__a,b_2,c_5
124,__ABS__a,b_4,c_3
125,a_2,__ABS__b,c_1
125,a_5,b_2,c_2
125,a_3,b_4,__ABS__c
125,__ABS__a,b_3,c_4
125,__ABS__a,b_1,c_3
125,__ABS__a,b_2,c_1
125,__ABS__a,b_3,c_2
125,a_1,b_3,c_5
125,a_3,b_1,c_2
125,a_2,b_4,__ABS__c
125,a_5,b_5,__ABS__c
125,a_1,__ABS__b,c_4
125,a_5,__ABS__b,c_4
125,a_1,b_5,__ABS__c
125,__ABS__a,b_5,c_1
125,a_2,b_1,__ABS__c
125,a_4,__ABS__b,c_5
125,a_3,__ABS__b,c_3
125,a_4,__ABS__b,c_3
125,a_4,b_2,__ABS__c
125,__ABS__a,b_4,c_5
126,a_1,__ABS__b,c_3
126,__ABS__a,b_1,c_2
126,__ABS__a,b_2,c_3
126,a_3,b_3,__ABS__c
126,a_3,b_5,__ABS__c
126,__ABS__a,b_3,c_4
126,__ABS__a,b_5,c_1
126,__ABS__a,b_1,c_4
126,a_5,b_4,c_1
126,a_5,b_1,__ABS__c
126,a_5,__ABS__b,c_2
126,a_2,b_4,__ABS__c
126,a_3,b_4,__ABS__c
126,a_2,b_3,__ABS__c
126,a_1,__ABS__b,c_4
126,a_4,__ABS__b,c_3
126,a_1,b_2,c_5
126,a_2,__ABS__b,c_5
126,a_4,b_5,c_2
126,__ABS__a,b_2,c_1
126,a_4,__ABS__b,c_5
127,a_3,b_2,c_5
127,a_2,__ABS__b,c_5
127,__ABS__a,b_1,c_3
127,__ABS__a,b_1,c_1
127,__ABS__a,b_5,c_5
127,a_5,b_4,__ABS__c
127,__ABS__a,b_4,c_2
127,a_2,__ABS__b,c_1
127,a_1,__ABS__b,c_2
127,a_1,b_5,__ABS__c
127,a_2,b_2,__ABS__c
127,a_5,b_5,__ABS__c
127,a_5,__ABS__b,c_1
127,a_3,b_3,c_3
127,__ABS__a,b_2,c_3
127,a_4,__ABS__b,c_4
127,a_4,b_4,__ABS__c
127,a_1,b_1,__ABS__c
127,a_4,b_3,c_2
127,__ABS__a,b_3,c_4
127,a_3,__ABS__b,c_4
128,a_4,b_1,c_4
128,a_1,__ABS__b,c_1
128,__ABS__a,b_2,c_4
128,a_1,__ABS__b,c_2
128,__ABS__a,b_4,c_5
128,__ABS__a,b_3,c_3
128,a_3,__ABS__b,c_1
128,a_5,b_2,__ABS__c
128,a_2,b_5,__ABS__c
128,a_2,b_4,__ABS__c
128,__ABS__a,b_5,c_3
128,a_3,__ABS__b,c_3
128,a_1,b_4,c_2
128,a_5,b_3,__ABS__c
128,__ABS__a,b_1,c_5
128,a_5,b_1,c_4
128,__ABS__a,b_5,c_1
128,a_2,b_2,__ABS__c
128,a_3,__ABS__b,c_2
128,a_4,__ABS__b,c_5
128,a_4,b_3,__ABS__c
129,a_4,b_1,__ABS__c
129,__ABS__a,b_4,c_2
129,a_1,__ABS__b,c_5
129,a_1,__ABS__b,c_1
129,a_4,__ABS__b,c_4
129,__ABS__a,b_5,c_3
129,a_2,b_2,__ABS__c
129,__ABS__a,b_5,c_1
129,a_4,b_2,c_2
129,a_5,b_4,__ABS__c
129,__ABS__a,b_3,c_3
129,a_3,b_1,__ABS__c
129,a_5,__ABS__b,c_4
129,a_2,__ABS__b,c_4
129,__ABS__a,b_5,c_5
129,a_5,b_3,c_5
129,a_2,__ABS__b,c_2
129,a_3,b_3,__ABS__c
129,a_3,b_4,c_1
129,__ABS__a,b_2,c_3
129,a_1,b_1,__ABS__c
130,a_3,b_4,__ABS__c
130,a_2,__ABS__b,c_4
130,__ABS__a,b_5,c_3
130,__ABS__a,b_3,c_2
130,__ABS__a,b_3,c_1
130,__ABS__a,b_1,c_4
130,__ABS__a,b_4,c_5
130,a_5,b_2,__ABS__c
130,a_4,__ABS__b,c_2
130,a_1,b_5,__ABS__c
130,a_4,b_4,__ABS__c
130,a_5,__ABS__b,c_3
130,a_5,b_1,__ABS__c
130,a_2,__ABS__b,c_2
130,a_4,__ABS__b,c_4
130,a_1,__ABS__b,c_1
130,a_3,b_2,c_3
130,__ABS__a,b_5,c_5
130,a_3,b_2,__ABS__c
130,a_1,b_3,c_1
130,a_2,b_1,c_5
131,a_5,b_5,c_3
131,a_2,b_3,c_1
131,a_4,__ABS__b,c_4
131,a_4,__ABS__b,c_1
131,a_5,__ABS__b,c_4
131,a_3,b_2,__ABS__c
131,__ABS__a,b_1,c_3
131,__ABS__a,b_2,c_1
131,a_5,b_2,__ABS__c
131,__ABS__a,b_1,c_5
131,a_1,__ABS__b,c_5
131,a_4,b_4,__ABS__c
131,a_1,b_4,__ABS__c
131,a_3,__ABS__b,c_5
131,a_2,b_5,__ABS__c
131,a_2,__ABS__b,c_3
131,__ABS__a,b_3,c_2
131,a_1,b_3,c_2
131,__ABS__a,b_4,c_4
131,__ABS__a,b_1,c_2
131,a_3,b_5,__ABS__c
132,__ABS__a,b_5,c_4
132,a_5,__ABS__b,c_5
132,a_4,__ABS__b,c_1
132,__ABS__a,b_1,c_1
132,a_3,b_4,__ABS__c
132,__ABS__a,b_2,c_2
132,a_1,__ABS__b,c_4
132,a_3,b_1,__ABS__c
132,a_5,b_5,c_3
132,a_4,b_4,__ABS__c
132,a_3,__ABS__b,c_3
132,__ABS__a,b_4,c_4
132,a_2,b_3,c_1
132,a_5,__ABS__b,c_3
132,__ABS__a,b_3,c_5
132,a_1,b_2,c_5
132,a_4,b_5,__ABS__c
132,a_2,b_1,__ABS__c
132,a_1,b_2,__ABS__c
132,a_2,__ABS__b,c_2
132,__ABS__a,b_3,c_2
133,a_4,__ABS__b,c_3
133,a_1,b_5,__ABS__c
133,a_5,b_1,__ABS__c
133,a_1,b_3,__ABS__c
133,a_2,b_5,__ABS__c
133,a_4,b_3,__ABS__c
133,a_3,__ABS__b,c_4
133,__ABS__a,b_1,c_4
133,a_5,__ABS__b,c_3
133,a_1,__ABS__b,c_2
133,a_2,__ABS__b,c_4
133,__ABS__a,b_1,c_2
133,a_3,b_4,__ABS__c
133,__ABS__a,b_2,c_1
133,a_2,b_4,c_5
133,__ABS__a,b_3,c_1
133,a_5,b_2,c_1
133,a_3,__ABS__b,c_5
133,__ABS__a,b_2,c_5
133,a_4,b_5,c_3
133,__ABS__a,b_4,c_2
134,a_4,__ABS__b,c_5
134,a_3,b_5,__ABS__c
134,a_4,b_3,c_4
134,a_2,__ABS__b,c_4
134,__ABS__a,b_3,c_5
134,a_3,__ABS__b,c_3
134,__ABS__a,b_2,c_2
134,a_1,b_5,__ABS__c
134,a_5,b_4,__ABS__c
134,a_3,__ABS__b,c_1
134,__ABS__a,b_4,c_1
134,a_5,__ABS__b,c_2
134,a_2,b_2,c_5
134,__ABS__a,b_2,c_4
134,a_2,b_4,__ABS__c
134,a_5,b_1,__ABS__c
134,a_1,b_1,__ABS__c
134,__ABS__a,b_1,c_3
134,a_1,b_5,c_3
134,a_4,__ABS__b,c_1
134,__ABS__a,b_3,c_2
135,a_4,__ABS__b,c_2
135,a_4,b_5,__ABS__c
135,a_5,b_1,c_5
135,a_2,__ABS__b,c_3
135,a_1,__ABS__b,c_5
135,__ABS__a,b_3,c_1
135,__ABS__a,b_1,c_4
135,a_3,__ABS__b,c_1
135,a_3,b_2,__ABS__c
135,__ABS__a,b_2,c_2
135,__ABS__a,b_5,c_4
135,a_3,b_1,__ABS__c
135,a_2,b_3,__ABS__c
135,__ABS__a,b_4,c_4
135,a_5,__ABS__b,c_3
135,a_1,b_2,c_2
135,a_2,b_5,c_5
135,__ABS__a,b_4,c_3
135,a_5,b_3,__ABS__c
135,a_4,__ABS__b,c_1
135,a_1,b_4,__ABS__c
136,a_3,b_3,__ABS__c
136,__ABS__a,b_2,c_3
136,a_1,__ABS__b,c_3
136,a_1,__ABS__b,c_2
136,a_4,__ABS__b,c_2
136,__ABS__a,b_5,c_5
136,__ABS__a,b_3,c_1
136,a_5,b_4,__ABS__c
136,__ABS__a,b_4,c_3
136,a_2,b_2,__ABS__c
136,__ABS__a,b_5,c_1
136,a_2,b_4,__ABS__c
136,a_4,b_5,__ABS__c
136,a_4,__ABS__b,c_4
136,a_1,__ABS__b,c_4
136,a_5,b_1,c_1
136,a_5,__ABS__b,c_5
136,a_3,b_3,c_2
136,a_3,b_1,c_4
136,a_2,b_1,__ABS__c
136,__ABS__a,b_2,c_5
137,a_2,__ABS__b,c_1
137,a_1,b_3,__ABS__c
137,a_5,__ABS__b,c_5
137,a_3,b_3,__ABS__c
137,a_2,b_2,c_1
137,a_5,b_4,__ABS__c
137,a_4,__ABS__b,c_4
137,__ABS__a,b_5,c_3
137,a_1,b_5,__ABS__c
137,__ABS__a,b_1,c_4
137,__ABS__a,b_1,c_1
137,a_4,__ABS__b,c_2
137,a_1,__ABS__b,c_3
137,a_3,b_1,__ABS__c
137,a_4,b_4,c_4
137,__ABS__a,b_4,c_3
137,__ABS__a,b_5,c_5
137,__ABS__a,b_3,c_2
137,a_3,__ABS__b,c_5
137,a_5,b_2,c_2
137,a_2,b_2,__ABS__c
138,a_3,__ABS__b,c_2
138,a_2,b_2,c_1
138,a_1,b_3,__ABS__c
138,a_4,b_5,__ABS__c
138,a_3,__ABS__b,c_3
138,a_4,__ABS__b,c_4
138,a_3,b_2,__ABS__c
138,__ABS__a,b_4,c_1
138,__ABS__a,b_1,c_5
138,a_5,b_5,__ABS__c
138,__ABS__a,b_1,c_3
138,a_4,__ABS__b,c_3
138,__ABS__a,b_1,c_4
138,__ABS__a,b_4,c_5
138,a_1,__ABS__b,c_4
138,a_2,b_4,__ABS__c
138,__ABS__a,b_5,c_5
138,a_1,b_3,c_2
138,a_2,__ABS__b,c_1
138,a_5,b_2,__ABS__c
138,a_5,b_3,c_2
139,a_4,b_2,__ABS__c
139,a_4,b_2,c_1
139,a_3,__ABS__b,c_4
139,a_1,b_1,__ABS__c
139,__ABS__a,b_4,c_2
139,a_2,__ABS__b,c_2
139,a_5,__ABS__b,c_3
139,__ABS__a,b_5,c_5
139,a_1,__ABS__b,c_2
139,__ABS__a,b_3,c_1
139,a_5,b_3,__ABS__c
139,a_3,__ABS__b,c_5
139,a_4,b_4,__ABS__c
139,__ABS__a,b_1,c_4
139,a_2,b_5,__ABS__c
139,a_2,b_3,__ABS__c
139,__ABS__a,b_5,c_1
139,a_1,b_4,c_5
139,a_3,__ABS__b,c_3
139,a_5,b_2,c_4
139,__ABS__a,b_1,c_3
140,a_4,b_5,__ABS__c
140,a_3,b_2,c_2
140,a_5,b_4,c_1
140,a_4,__ABS__b,c_4
140,a_3,b_5,__ABS__c
140,__ABS__a,b_1,c_1
140,__ABS__a,b_3,c_5
140,a_2,__ABS__b,c_1
140,a_5,b_5,__ABS__c
140,a_3,__ABS__b,c_5
140,__ABS__a,b_4,c_4
140,a_2,__ABS__b,c_2
140,a_1,__ABS__b,c_5
140,a_1,b_3,__ABS__c
140,__ABS__a,b_1,c_3
140,a_2,b_2,__ABS__c
140,__ABS__a,b_2,c_3
140,__ABS__a,b_1,c_2
140,a_4,b_4,__ABS__c
140,a_1,__ABS__b,c_3
140,a_5,b_3,c_4
141,a_4,b_3,__ABS__c
141,a_1,__ABS__b,c_2
141,__ABS__a,b_5,c_1
141,a_4,b_2,__ABS__c
141,__ABS__a,b_2,c_1
141,a_5,__ABS__b,c_2
141,__ABS__a,b_1,c_4
141,__ABS__a,b_3,c_3
141,a_4,__ABS__b,c_3
141,__ABS__a,b_1,c_2
141,a_1,b_4,c_3
141,a_3,__ABS__b,c_4
141,a_1,b_3,c_4
141,a_3,__ABS__b,c_5
141,a_5,b_4,__ABS__c
141,a_3,__ABS__b,c_1
141,a_5,b_5,__ABS__c
141,a_2,b_4,__ABS__c
141,__ABS__a,b_5,c_5
141,a_2,b_1,c_5
141,a_2,b_2,__ABS__c
142,a_1,b_2,c_1
142,a_5,b_1,__ABS__c
142,a_1,__ABS__b,c_5
142,__ABS__a,b_3,c_3
142,__ABS__a,b_5,c_5
142,a_3,__ABS__b,c_2
142,a_4,__ABS__b,c_1
142,a_4,b_1,__ABS__c
142,a_2,__ABS__b,c_4
142,__ABS__a,b_2,c_5
142,a_1,__ABS__b,c_4
142,__ABS__a,b_4,c_1
142,__ABS__a,b_4,c_4
142,a_5,b_4,c_2
142,a_2,b_2,__ABS__c
142,a_5,b_3,__ABS__c
142,a_3,b_1,c_3
142,a_2,__ABS__b,c_3
142,a_4,b_5,__ABS__c
142,a_3,b_5,__ABS__c
142,__ABS__a,b_3,c_2
143,a_2,__ABS__b,c_2
143,a_5,__ABS__b,c_3
143,a_5,b_2,__ABS__c
143,a_1,__ABS__b,c_5
143,__ABS__a,b_5,c_3
143,a_3,__ABS__b,c_4
143,__ABS__a,b_3,c_2
143,__ABS__a,b_5,c_1
143,a_1,b_1,__ABS__c
143,__ABS__a,b_3,c_1
143,a_5,b_4,__ABS__c
143,a_4,b_2,__ABS__c
143,a_4,b_3,__ABS__c
143,a_2,__ABS__b,c_4
143,__ABS__a,b_4,c_1
143,__ABS__a,b_1,c_4
143,a_2,b_4,c_5
143,a_3,b_1,__ABS__c
143,a_1,b_5,c_5
143,a_3,__ABS__b,c_2
143,a_4,b_2,c_3
144,a_1,b_4,c_2
144,a_3,b_1,c_2
144,a_3,__ABS__b,c_4
144,a_2,b_5,c_5
144,__ABS__a,b_3,c_1
144,__ABS__a,b_3,c_3
144,a_5,b_1,__ABS__c
144,__ABS__a,b_4,c_4
144,a_1,b_3,__ABS__c
144,a_3,b_1,__ABS__c
144,a_2,__ABS__b,c_2
144,a_1,__ABS__b,c_3
144,a_4,__ABS__b,c_4
144,a_2,b_2,__ABS__c
144,__ABS__a,b_4,c_1
144,__ABS__a,b_5,c_1
144,a_4,b_2,__ABS__c
144,a_5,b_2,__ABS__c
144,a_4,__ABS__b,c_3
144,__ABS__a,b_5,c_5
144,a_5,__ABS__b,c_5
145,a_4,b_2,__ABS__c
145,__ABS__a,b_2,c_3
145,a_1,__ABS__b,c_2
145,__ABS__a,b_5,c_3
145,a_3,b_1,__ABS__c
145,a_1,__ABS__b,c_1
145,a_4,b_3,__ABS__c
145,a_5,b_1,__ABS__c
145,__ABS__a,b_1,c_1
145,a_4,__ABS__b,c_2
145,a_2,b_3,c_5
145,__ABS__a,b_5,c_5
145,a_2,b_3,__ABS__c
145,__ABS__a,b_4,c_4
145,a_2,__ABS__b,c_1
145,a_3,__ABS__b,c_4
145,a_5,b_5,c_4
145,__ABS__a,b_4,c_2
145,a_3,b_4,__ABS__c
145,a_5,b_2,c_3
145,a_1,__ABS__b,c_5
146,a_4,__ABS__b,c_2
146,a_3,b_1,__ABS__c
146,a_5,b_3,__ABS__c
146,__ABS__a,b_2,c_5
146,a_4,__ABS__b,c_3
146,a_5,b_5,__ABS__c
146,a_3,b_4,__ABS__c
146,__ABS__a,b_3,c_1
146,a_5,b_5,c_5
146,a_2,__ABS__b,c_1
146,__ABS__a,b_2,c_3
146,a_2,b_3,c_3
146,__ABS__a,b_4,c_1
146,a_1,__ABS__b,c_2
146,a_4,b_1,__ABS__c
146,a_1,__ABS__b,c_4
146,__ABS__a,b_1,c_2
146,a_2,b_2,__ABS__c
146,a_1,__ABS__b,c_5
146,__ABS__a,b_5,c_4
146,a_3,b_4,c_4
147,a_2,b_4,__ABS__c
147,a_3,b_5,__ABS__c
147,__ABS__a,b_2,c_5
147,a_4,b_4,__ABS__c
147,a_1,__ABS__b,c_5
147,a_2,__ABS__b,c_1
147,a_2,__ABS__b,c_4
147,__ABS__a,b_3,c_2
147,__ABS__a,b_2,c_1
147,a_1,b_1,c_2
147,__ABS__a,b_3,c_5
147,a_4,__ABS__b,c_3
147,a_5,__ABS__b,c_4
147,a_4,b_1,__ABS__c
147,a_1,b_5,__ABS__c
147,a_5,b_4,c_2
147,__ABS__a,b_5,c_4
147,a_3,b_1,__ABS__c
147,a_5,__ABS__b,c_3
147,__ABS__a,b_3,c_1
147,a_3,b_2,c_3
148,a_3,b_1,c_1
148,a_5,b_3,__ABS__c
148,a_4,__ABS__b,c_4
148,__ABS__a,b_5,c_3
148,a_3,b_2,__ABS__c
148,a_3,b_4,__ABS__c
148,__ABS__a,b_2,c_1
148,__ABS__a,b_3,c_2
148,a_2,__ABS__b,c_4
148,a_5,b_1,__ABS__c
148,__ABS__a,b_4,c_5
148,a_1,__ABS__b,c_1
148,__ABS__a,b_5,c_5
148,a_4,b_5,__ABS__c
148,a_4,__ABS__b,c_3
148,__ABS__a,b_4,c_2
148,a_5,__ABS__b,c_2
148,a_2,b_2,__ABS__c
148,a_1,__ABS__b,c_5
148,a_1,b_3,c_4
148,a_2,b_1,c_3
149,a_1,b_5,c_5
149,a_5,b_3,c_4
149,__ABS__a,b_4,c_3
149,__ABS__a,b_4,c_1
149,__ABS__a,b_5,c_2
149,a_1,b_1,__ABS__c
149,__ABS__a,b_1,c_4
149,__ABS__a,b_5,c_5
149,a_4,b_3,__ABS__c
149,a_5,b_1,__ABS__c
149,a_3,__ABS__b,c_1
149,a_4,__ABS__b,c_3
149,a_5,b_4,__ABS__c
149,a_2,b_2,__ABS__c
149,a_2,__ABS__b,c_2
149,a_2,__ABS__b,c_5
149,a_3,__ABS__b,c_4
149,a_4,b_2,c_2
149,a_3,b_2,__ABS__c
149,a_1,__ABS__b,c_3
149,__ABS__a,b_3,c_1
150,__ABS__a,b_4,c_4
150,a_3,b_1,c_4
150,a_5,b_3,c_1
150,a_2,__ABS__b,c_4
150,a_4,b_1,__ABS__c
150,__ABS__a,b_1,c_1
150,a_3,__ABS__b,c_2
150,a_5,__ABS__b,c_2
150,__ABS__a,b_3,c_5
150,a_1,b_4,__ABS__c
150,a_4,__ABS__b,c_1
150,__ABS__a,b_4,c_5
150,__ABS__a,b_2,c_2
150,a_2,b_5,c_3
150,a_4,__ABS__b,c_3
150,a_1,b_2,__ABS__c
150,a_2,__ABS__b,c_5
150,a_5,b_2,__ABS__c
150,__ABS__a,b_5,c_3
150,a_3,b_3,__ABS__c
150,a_1,b_5,__ABS__c
151,a_5,b_4,c_2
151,__ABS__a,b_5,c_1
151,a_2,__ABS__b,c_5
151,__ABS__a,b_1,c_4
151,a_5,__ABS__b,c_4
151,__ABS__a,b_2,c_1
151,a_2,b_4,__ABS__c
151,__ABS__a,b_5,c_3
151,a_4,b_1,__ABS__c
151,a_4,__ABS__b,c_5
151,a_3,__ABS__b,c_3
151,a_3,b_5,__ABS__c
151,__ABS__a,b_2,c_5
151,a_3,__ABS__b,c_2
151,a_1,b_1,c_2
151,a_2,b_3,__ABS__c
151,a_5,b_3,__ABS__c
151,a_1,b_2,c_4
151,a_1,__ABS__b,c_1
151,a_4,b_4,__ABS__c
151,__ABS__a,b_3,c_3
152,__ABS__a,b_1,c_1
152,a_4,__ABS__b,c_4
152,a_2,__ABS__b,c_4
152,__ABS__a,b_5,c_4
152,__ABS__a,b_4,c_3
152,a_3,b_5,c_2
152,__ABS__a,b_3,c_1
152,a_3,b_3,__ABS__c
152,a_1,__ABS__b,c_2
152,a_4,b_2,__ABS__c
152,a_2,b_2,c_2
152,a_1,b_4,c_5
152,a_4,b_5,__ABS__c
152,a_5,b_1,__ABS__c
152,a_1,__ABS__b,c_3
152,__ABS__a,b_3,c_5
152,a_5,__ABS__b,c_5
152,__ABS__a,b_2,c_1
152,a_5,__ABS__b,c_3
152,a_3,b_4,__ABS__c
152,a_2,b_1,__ABS__c
153,a_4,__ABS__b,c_1
153,__ABS__a,b_2,c_1
153,a_5,__ABS__b,c_3
153,a_3,__ABS__b,c_1
153,a_1,b_1,c_5
153,a_4,b_5,__ABS__c
153,a_2,b_5,__ABS__c
153,a_1,b_1,__ABS__c
153,__ABS__a,b_3,c_3
153,a_3,__ABS__b,c_4
153,__ABS__a,b_4,c_3
153,a_3,__ABS__b,c_2
153,a_2,b_2,c_5
153,a_2,__ABS__b,c_5
153,a_1,b_3,__ABS__c
153,__ABS__a,b_3,c_4
153,__ABS__a,b_2,c_4
153,__ABS__a,b_4,c_2
153,a_5,b_4,c_2
153,a_4,b_1,__ABS__c
153,a_5,b_5,__ABS__c
154,a_3,b_4,c_4
154,a_4,b_5,__ABS__c
154,a_1,b_5,c_2
154,__ABS__a,b_1,c_3
154,__ABS__a,b_2,c_1
154,a_3,b_3,__ABS__c
154,a_2,__ABS__b,c_5
154,a_2,__ABS__b,c_2
154,a_5,b_3,__ABS__c
154,a_1,b_1,__ABS__c
154,__ABS__a,b_1,c_5
154,a_5,b_3,c_4
154,a_1,__ABS__b,c_3
154,__ABS__a,b_2,c_4
154,__ABS__a,b_4,c_2
154,a_4,b_4,__ABS__c
154,a_4,__ABS__b,c_1
154,a_3,__ABS__b,c_3
154,a_5,__ABS__b,c_1
154,__ABS__a,b_2,c_5
154,a_2,b_5,__ABS__c
155,a_4,__ABS__b,c_3
155,__ABS__a,b_4,c_2
155,a_1,b_5,__ABS__c
155,a_5,__ABS__b,c_5
155,a_1,b_2,__ABS__c
155,__ABS__a,b_3,c_2
155,a_3,b_1,c_4
155,__ABS__a,b_4,c_4
155,a_4,__ABS__b,c_2
155,__ABS__a,b_2,c_4
155,a_3,b_1,__ABS__c
155,a_4,b_5,__ABS__c
155,a_5,__ABS__b,c_3
155,a_1,b_3,__ABS__c
155,__ABS__a,b_1,c_5
155,a_3,__ABS__b,c_1
155,a_2,b_5,__ABS__c
155,a_2,b_4,c_5
155,a_2,__ABS__b,c_3
155,__ABS__a,b_3,c_1
155,a_5,b_2,c_1
156,a_2,__ABS__b,c_2
156,__ABS__a,b_1,c_5
156,a_5,b_5,c_4
156,__ABS__a,b_3,c_1
156,__ABS__a,b_2,c_2
156,a_1,b_4,__ABS__c
156,a_5,__ABS__b,c_2
156,a_3,__ABS__b,c_3
156,a_4,b_1,__ABS__c
156,a_3,b_5,c_3
156,a_1,b_2,__ABS__c
156,__ABS__a,b_3,c_4
156,a_5,b_2,__ABS__c
156,a_4,b_1,c_5
156,a_4,__ABS__b,c_5
156,a_2,b_4,__ABS__c
156,__ABS__a,b_4,c_3
156,__ABS__a,b_5,c_1
156,a_1,__ABS__b,c_1
156,a_3,__ABS__b,c_4
156,a_2,b_3,__ABS__c
157,__ABS__a,b_2,c_4
157,a_2,b_4,__ABS__c
157,__ABS__a,b_1,c_5
157,__ABS__a,b_5,c_2
157,a_4,b_1,c_1
157,a_4,b_2,__ABS__c
157,__ABS__a,b_3,c_3
157,a_5,b_3,__ABS__c
157,a_3,__ABS__b,c_2
157,a_2,b_5,__ABS__c
157,a_2,__ABS__b,c_1
157,a_5,__ABS__b,c_2
157,a_4,b_2,c_3
157,a_1,b_4,__ABS__c
157,a_3,b_4,__ABS__c
157,a_1,b_1,c_1
157,a_1,__ABS__b,c_4
157,__ABS__a,b_3,c_5
157,a_5,__ABS__b,c_4
157,a_3,__ABS__b,c_3
157,__ABS__a,b_5,c_5
158,a_5,b_3,__ABS__c
158,a_4,b_2,__ABS__c
158,__ABS__a,b_3,c_4
158,a_2,__ABS__b,c_5
158,a_4,b_5,__ABS__c
158,a_4,__ABS__b,c_1
158,a_3,__ABS__b,c_2
158,__ABS__a,b_4,c_2
158,__ABS__a,b_2,c_3
158,__ABS__a,b_1,c_4
158,a_3,b_1,c_4
158,a_2,b_1,c_5
158,__ABS__a,b_3,c_5
158,a_1,b_5,__ABS__c
158,a_2,b_5,__ABS__c
158,a_5,__ABS__b,c_1
158,a_5,b_4,__ABS__c
158,a_1,__ABS__b,c_3
158,a_1,__ABS__b,c_2
158,a_3,b_2,c_3
158,__ABS__a,b_4,c_1
159,__ABS__a,b_3,c_4
159,a_1,b_2,c_2
159,a_3,b_4,c_1
159,a_1,b_3,__ABS__c
159,a_4,__ABS__b,c_1
159,a_3,__ABS__b,c_3
159,__ABS__a,b_3,c_5
159,__ABS__a,b_5,c_4
159,a_2,b_5,__ABS__c
159,a_2,b_1,__ABS__c
159,a_4,b_4,__ABS__c
159,__ABS__a,b_1,c_3
159,a_1,__ABS__b,c_5
159,__ABS__a,b_2,c_4
159,a_5,b_1,__ABS__c
159,a_5,__ABS__b,c_1
159,a_5,b_2,__ABS__c
159,a_4,b_4,c_3
159,a_2,__ABS__b,c_5
159,a_3,__ABS__b,c_2
159,__ABS__a,b_5,c_2
160,a_4,b_1,__ABS__c
160,a_4,b_5,c_3
160,a_5,b_1,__ABS__c
160,a_1,b_2,__ABS__c
160,a_1,__ABS__b,c_5
160,a_3,__ABS__b,c_5
160,__ABS__a,b_1,c_4
160,__ABS__a,b_4,c_2
160,__ABS__a,b_3,c_5
160,__ABS__a,b_4,c_1
160,a_2,__ABS__b,c_2
160,__ABS__a,b_4,c_4
160,__ABS__a,b_2,c_3
160,a_4,__ABS__b,c_3
160,a_2,b_2,__ABS__c
160,a_5,b_5,c_1
160,a_2,b_5,__ABS__c
160,a_3,__ABS__b,c_1
160,a_3,b_3,__ABS__c
160,a_5,__ABS__b,c_4
160,a_1,b_3,c_2
161,__ABS__a,b_5,c_1
161,a_5,__ABS__b,c_1
161,a_2,b_2,c_5
161,a_4,__ABS__b,c_3
161,a_1,__ABS__b,c_3
161,a_5,b_3,c_2
161,a_1,b_1,__ABS__c
161,__ABS__a,b_5,c_2
161,a_1,b_2,__ABS__c
161,__ABS__a,b_3,c_5
161,a_4,__ABS__b,c_2
161,a_2,b_1,__ABS__c
161,a_4,b_1,__ABS__c
161,a_3,__ABS__b,c_4
161,a_3,b_4,c_3
161,a_2,b_5,__ABS__c
161,__ABS__a,b_2,c_4
161,a_3,__ABS__b,c_1
161,__ABS__a,b_4,c_5
161,a_5,b_3,__ABS__c
161,__ABS__a,b_4,c_4
162,a_3,b_2,c_2
162,a_2,__ABS__b,c_5
162,__ABS__a,b_3,c_2
162,__ABS__a,b_3,c_3
162,a_1,b_5,__ABS__c
162,a_2,b_4,__ABS__c
162,a_4,__ABS__b,c_5
162,a_4,__ABS__b,c_4
162,__ABS__a,b_1,c_1
162,__ABS__a,b_3,c_1
162,__ABS__a,b_2,c_5
162,a_1,b_2,__ABS__c
162,a_3,b_1,__ABS__c
162,a_1,__ABS__b,c_4
162,__ABS__a,b_5,c_3
162,a_3,b_4,__ABS__c
162,a_2,__ABS__b,c_1
162,a_5,b_4,__ABS__c
162,a_5,b_5,c_3
162,a_4,b_1,c_2
162,a_5,__ABS__b,c_4
163,__ABS__a,b_5,c_5
163,a_2,b_3,c_4
163,a_4,__ABS__b,c_5
163,__ABS__a,b_1,c_5
163,__ABS__a,b_5,c_1
163,a_3,b_5,__ABS__c
163,a_4,b_2,__ABS__c
163,a_5,b_1,__ABS__c
163,a_2,b_2,__ABS__c
163,a_1,__ABS__b,c_4
163,a_1,__ABS__b,c_3
163,__ABS__a,b_4,c_3
163,a_5,__ABS__b,c_2
163,a_1,b_4,__ABS__c
163,a_3,__ABS__b,c_2
163,a_2,__ABS__b,c_1
163,a_4,b_3,__ABS__c
163,__ABS__a,b_2,c_3
163,a_5,b_1,c_1
163,a_3,b_3,c_2
163,__ABS__a,b_4,c_4
164,a_1,__ABS__b,c_4
164,a_5,b_1,c_1
164,a_3,b_1,c_2
164,a_4,b_2,__ABS__c
164,a_4,__ABS__b,c_5
164,a_3,b_3,__ABS__c
164,__ABS__a,b_4,c_2
164,__ABS__a,b_5,c_5
164,__ABS__a,b_1,c_4
164,a_2,__ABS__b,c_3
164,__ABS__a,b_5,c_2
164,a_5,b_4,__ABS__c
164,__ABS__a,b_3,c_3
164,a_1,b_5,__ABS__c
164,a_4,b_3,c_4
164,a_2,b_2,__ABS__c
164,a_5,__ABS__b,c_1
164,__ABS__a,b_2,c_3
164,a_1,b_4,__ABS__c
164,a_3,__ABS__b,c_1
164,a_2,__ABS__b,c_5
165,a_3,__ABS__b,c_3
165,__ABS__a,b_4,c_1
165,a_1,b_4,c_2
165,a_2,b_5,__ABS__c
165,a_4,__ABS__b,c_4
165,__ABS__a,b_3,c_3
165,a_1,b_4,c_3
165,a_3,__ABS__b,c_5
165,a_5,__ABS__b,c_5
165,a_2,b_3,__ABS__c
165,a_5,__ABS__b,c_4
165,a_3,b_1,__ABS__c
165,__ABS__a,b_2,c_1
165,__ABS__a,b_5,c_2
165,a_2,b_2,__ABS__c
165,a_1,b_2,__ABS__c
165,a_4,__ABS__b,c_5
165,a_4,b_3,__ABS__c
165,__ABS__a,b_1,c_2
165,a_5,b_5,c_4
165,__ABS__a,b_1,c_1
166,a_3,b_5,__ABS__c
166,__ABS__a,b_2,c_3
166,a_5,b_1,__ABS__c
166,a_1,__ABS__b,c_3
166,__ABS__a,b_3,c_4
166,__ABS__a,b_4,c_5
166,a_4,b_1,c_2
166,a_3,__ABS__b,c_2
166,a_5,__ABS__b,c_4
166,a_2,b_5,__ABS__c
166,a_4,b_4,__ABS__c
166,a_2,__ABS__b,c_1
166,a_4,b_4,c_1
166,__ABS__a,b_1,c_4
166,a_5,b_2,__ABS__c
166,a_3,__ABS__b,c_3
166,a_1,b_2,c_5
166,a_1,__ABS__b,c_5
166,a_2,b_3,__ABS__c
166,__ABS__a,b_3,c_2
166,__ABS__a,b_5,c_1
167,a_5,b_5,c_3
167,__ABS__a,b_1,c_1
167,a_3,b_3,__ABS__c
167,a_5,__ABS__b,c_1
167,a_2,__ABS__b,c_2
167,__ABS__a,b_4,c_4
167,a_3,__ABS__b,c_3
167,a_4,b_2,__ABS__c
167,a_2,b_3,__ABS__c
167,a_5,b_2,c_1
167,a_4,__ABS__b,c_4
167,__ABS__a,b_4,c_2
167,a_1,__ABS__b,c_5
167,a_1,b_4,__ABS__c
167,a_1,b_5,__ABS__c
167,__ABS__a,b_1,c_2
167,a_4,__ABS__b,c_5
167,__ABS__a,b_1,c_4
167,__ABS__a,b_3,c_5
167,a_3,b_5,__ABS__c
167,a_2,b_2,c_3
168,__ABS__a,b_2,c_4
168,a_3,b_2,__ABS__c
168,a_1,b_1,__ABS__c
168,__ABS__a,b_5,c_5
168,a_1,__ABS__b,c_4
168,a_5,b_1,c_1
168,__ABS__a,b_5,c_2
168,a_2,b_4,__ABS__c
168,a_4,b_3,c_1
168,a_3,b_5,__ABS__c
168,a_3,b_4,__ABS__c
168,a_2,b_2,__ABS__c
168,a_4,__ABS__b,c_4
168,a_2,__ABS__b,c_3
168,__ABS__a,b_1,c_3
168,__ABS__a,b_3,c_2
168,a_5,__ABS__b,c_3
168,a_5,__ABS__b,c_5
168,a_1,__ABS__b,c_1
168,a_4,b_3,c_5
168,__ABS__a,b_4,c_2
169,a_1,b_5,c_3
169,__ABS__a,b_1,c_2
169,a_5,__ABS__b,c_4
169,a_4,b_2,__ABS__c
169,__ABS__a,b_5,c_2
169,a_3,__ABS__b,c_1
169,a_5,__ABS__b,c_3
169,a_3,b_2,__ABS__c
169,a_4,b_3,__ABS__c
169,__ABS__a,b_4,c_4
169,__ABS__a,b_2,c_1
169,a_2,b_4,__ABS__c
169,__ABS__a,b_1,c_3
169,a_4,__ABS__b,c_1
169,a_2,b_3,__ABS__c
169,a_5,b_5,__ABS__c
169,a_2,b_3,c_4
169,a_1,__ABS__b,c_5
169,a_1,b_1,c_5
169,a_3,__ABS__b,c_5
169,__ABS__a,b_4,c_2
170,__ABS__a,b_1,c_2
170,a_3,__ABS__b,c_3
170,a_2,__ABS__b,c_3
170,a_2,b_2,__ABS__c
170,a_1,__ABS__b,c_1
170,a_3,b_5,__ABS__c
170,a_2,b_4,__ABS__c
170,__ABS__a,b_3,c_1
170,__ABS__a,b_2,c_5
170,a_4,b_1,c_5
170,__ABS__a,b_1,c_1
170,a_1,__ABS__b,c_2
170,a_4,b_2,__ABS__c
170,a_5,b_4,__ABS__c
170,a_3,b_5,c_2
170,a_1,b_4,__ABS__c
170,__ABS__a,b_3,c_4
170,__ABS__a,b_3,c_5
170,a_4,__ABS__b,c_4
170,a_5,__ABS__b,c_3
170,a_5,b_5,c_4
171,__ABS__a,b_3,c_4
171,a_2,b_2,c_3
171,a_5,b_5,__ABS__c
171,__ABS__a,b_4,c_3
171,a_1,__ABS__b,c_1
171,__ABS__a,b_1,c_4
171,a_4,b_5,__ABS__c
171,__ABS__a,b_2,c_2
171,__ABS__a,b_5,c_5
171,a_4,b_3,__ABS__c
171,a_2,__ABS__b,c_1
171,a_4,__ABS__b,c_5
171,a_1,b_4,__ABS__c
171,a_5,__ABS__b,c_1
171,__ABS__a,b_1,c_3
171,a_3,__ABS__b,c_4
171,a_3,b_4,c_2
171,a_2,__ABS__b,c_5
171,a_1,b_3,__ABS__c
171,a_3,b_1,__ABS__c
171,a_5,b_2,c_2
172,a_2,b_3,__ABS__c
172,__ABS__a,b_4,c_1
172,__ABS__a,b_5,c_1
172,a_4,b_1,__ABS__c
172,__ABS__a,b_1,c_3
172,__ABS__a,b_4,c_3
172,__ABS__a,b_2,c_5
172,a_3,b_5,__ABS__c
172,a_3,b_2,__ABS__c
172,a_2,b_1,__ABS__c
172,a_5,b_2,c_2
172,a_1,__ABS__b,c_5
172,a_5,b_3,c_2
172,a_5,__ABS__b,c_1
172,__ABS__a,b_5,c_4
172,a_1,b_3,c_4
172,a_1,__ABS__b,c_2
172,a_3,__ABS__b,c_4
172,a_2,__ABS__b,c_3
172,a_4,__ABS__b,c_5
172,a_4,b_4,__ABS__c
173,a_1,b_3,__ABS__c
173,a_3,b_5,__ABS__c
173,a_5,b_1,c_5
173,a_4,__ABS__b,c_1
173,a_3,__ABS__b,c_2
173,__ABS__a,b_2,c_2
173,__ABS__a,b_1,c_1
173,__ABS__a,b_2,c_3
173,__ABS__a,b_1,c_4
173,__ABS__a,b_3,c_3
173,a_5,b_4,__ABS__c
173,a_1,__ABS__b,c_4
173,a_3,__ABS__b,c_1
173,a_5,b_5,__ABS__c
173,a_2,b_5,c_2
173,a_2,b_4,__ABS__c
173,a_4,b_4,__ABS__c
173,a_2,__ABS__b,c_5
173,a_1,__ABS__b,c_3
173,__ABS__a,b_3,c_5
173,a_4,b_2,c_4
174,__ABS__a,b_1,c_3
174,__ABS__a,b_4,c_1
174,a_2,b_1,__ABS__c
174,__ABS__a,b_4,c_4
174,a_5,b_3,__ABS__c
174,a_4,b_1,__ABS__c
174,a_2,b_5,__ABS__c
174,__ABS__a,b_5,c_5
174,__ABS__a,b_2,c_3
174,a_3,__ABS__b,c_4
174,__ABS__a,b_2,c_2
174,a_1,b_4,__ABS__c
174,a_4,__ABS__b,c_4
174,a_4,b_3,c_1
174,a_1,b_2,__ABS__c
174,a_1,b_5,c_2
174,a_3,__ABS__b,c_3
174,a_5,__ABS__b,c_1
174,a_2,__ABS__b,c_5
174,a_5,__ABS__b,c_2
174,a_3,b_3,c_5
175,a_3,b_2,__ABS__c
175,a_5,__ABS__b,c_5
175,__ABS__a,b_3,c_3
175,a_1,__ABS__b,c_1
175,a_3,__ABS__b,c_5
175,a_5,b_5,__ABS__c
175,a_1,__ABS__b,c_2
175,a_4,__ABS__b,c_4
175,__ABS__a,b_1,c_5
175,a_4,b_5,__ABS__c
175,__ABS__a,b_3,c_1
175,a_1,b_1,__ABS__c
175,__ABS__a,b_4,c_2
175,a_4,b_4,c_2
175,a_2,b_2,c_4
175,a_2,b_2,__ABS__c
175,__ABS__a,b_5,c_1
175,a_2,__ABS__b,c_3
175,a_3,b_1,c_3
175,__ABS__a,b_4,c_4
175,a_5,b_3,__ABS__c
176,a_3,__ABS__b,c_5
176,a_3,b_1,c_5
176,a_1,__ABS__b,c_1
176,__ABS__a,b_4,c_3
176,a_4,b_3,__ABS__c
176,__ABS__a,b_4,c_1
176,a_5,b_1,__ABS__c
176,__ABS__a,b_3,c_3
176,a_2,__ABS__b,c_3
176,a_3,__ABS__b,c_1
176,a_5,b_5,__ABS__c
176,a_4,b_5,c_4
176,__ABS__a,b_1,c_5
176,a_5,b_2,__ABS__c
176,__ABS__a,b_3,c_2
176,a_1,__ABS__b,c_2
176,a_1,b_2,__ABS__c
176,a_2,b_5,__ABS__c
176,a_4,b_2,c_2
176,__ABS__a,b_4,c_4
176,a_2,__ABS__b,c_4
177,__ABS__a,b_5,c_5
177,a_5,__ABS__b,c_1
177,a_1,b_4,c_3
177,__ABS__a,b_4,c_2
177,a_3,b_2,__ABS__c
177,a_5,__ABS__b,c_5
177,__ABS__a,b_1,c_2
177,a_3,__ABS__b,c_5
177,a_2,b_1,__ABS__c
177,__ABS__a,b_2,c_1
177,a_4,b_5,c_4
177,__ABS__a,b_2,c_4
177,a_2,__ABS__b,c_3
177,a_1,__ABS__b,c_2
177,a_4,__ABS__b,c_4
177,a_4,b_5,__ABS__c
177,__ABS__a,b_4,c_3
177,a_3,b_1,c_1
177,a_1,b_3,__ABS__c
177,a_2,b_3,__ABS__c
177,a_5,b_3,__ABS__c
178,a_2,b_1,__ABS__c
178,a_3,b_1,c_3
178,a_2,b_2,c_4
178,__ABS__a,b_5,c_5
178,__ABS__a,b_1,c_4
178,__ABS__a,b_3,c_1
178,__ABS__a,b_2,c_2
178,a_4,__ABS__b,c_3
178,a_1,b_2,__ABS__c
178,__ABS__a,b_4,c_5
178,a_3,b_3,__ABS__c
178,a_5,__ABS__b,c_3
178,a_1,__ABS__b,c_2
178,__ABS__a,b_3,c_5
178,a_1,__ABS__b,c_1
178,a_3,__ABS__b,c_1
178,a_4,b_5,__ABS__c
178,a_2,__ABS__b,c_2
178,a_5,b_5,__ABS__c
178,a_4,b_4,__ABS__c
178,a_5,b_4,c_4
179,a_4,b_4,c_2
179,a_4,__ABS__b,c_1
179,a_3,b_3,c_1
179,a_3,__ABS__b,c_3
179,__ABS__a,b_5,c_5
179,__ABS__a,b_1,c_2
179,a_1,__ABS__b,c_5
179,a_1,b_5,__ABS__c
179,__ABS__a,b_4,c_3
179,a_5,b_3,c_4
179,a_3,b_2,__ABS__c
179,a_1,b_1,__ABS__c
179,__ABS__a,b_4,c_1
179,a_4,__ABS__b,c_5
179,a_5,__ABS__b,c_4
179,__ABS__a,b_2,c_3
179,a_5,b_1,__ABS__c
179,a_2,__ABS__b,c_4
179,a_2,b_5,__ABS__c
179,__ABS__a,b_3,c_2
179,a_2,b_2,__ABS__c
180,__ABS__a,b_4,c_2
180,a_1,__ABS__b,c_2
180,a_4,__ABS__b,c_5
180,a_2,b_5,__ABS__c
180,a_5,b_1,__ABS__c
180,__ABS__a,b_2,c_4
180,a_5,__ABS__b,c_4
180,a_3,__ABS__b,c_1
180,a_4,b_5,c_3
180,__ABS__a,b_4,c_5
180,a_2,b_3,c_3
180,__ABS__a,b_3,c_5
180,a_3,b_2,c_1
180,a_5,b_2,__ABS__c
180,__ABS__a,b_1,c_2
180,a_1,b_1,__ABS__c
180,a_2,__ABS__b,c_4
180,a_4,b_3,__ABS__c
180,__ABS__a,b_5,c_1
180,a_3,__ABS__b,c_3
180,a_1,b_4,__ABS__c
181,a_5,b_1,c_5
181,a_2,__ABS__b,c_2
181,__ABS__a,b_3,c_4
181,a_4,b_3,__ABS__c
181,__ABS__a,b_5,c_2
181,a_3,b_2,__ABS__c
181,a_1,b_2,__ABS__c
181,a_4,__ABS__b,c_3
181,a_4,b_4,__ABS__c
181,__ABS__a,b_4,c_1
181,a_1,__ABS__b,c_5
181,__ABS__a,b_5,c_1
181,a_2,b_2,__ABS__c
181,a_5,__ABS__b,c_1
181,__ABS__a,b_1,c_3
181,__ABS__a,b_3,c_3
181,a_5,b_5,__ABS__c
181,a_1,__ABS__b,c_2
181,a_3,b_4,c_4
181,a_3,b_1,c_4
181,a_2,__ABS__b,c_5
182,a_3,b_3,c_2
182,a_5,__ABS__b,c_2
182,a_2,b_2,__ABS__c
182,__ABS__a,b_1,c_5
182,a_4,__ABS__b,c_2
182,__ABS__a,b_5,c_3
182,a_1,__ABS__b,c_3
182,a_3,b_5,__ABS__c
182,a_2,b_1,__ABS__c
182,a_5,__ABS__b,c_1
182,a_1,b_1,c_5
182,__ABS__a,b_4,c_1
182,a_4,b_4,c_4
182,a_2,b_3,__ABS__c
182,a_3,b_2,__ABS__c
182,a_4,__ABS__b,c_3
182,__ABS__a,b_4,c_4
182,__ABS__a,b_3,c_1
182,__ABS__a,b_2,c_5
182,a_1,__ABS__b,c_4
182,a_5,b_5,__ABS__c
183,__ABS__a,b_4,c_3
183,__ABS__a,b_5,c_4
183,__ABS__a,b_2,c_1
183,a_2,b_1,__ABS__c
183,a_4,b_5,c_3
183,a_3,b_3,c_1
183,__ABS__a,b_2,c_5
183,a_2,__ABS__b,c_1
183,a_5,b_1,__ABS__c
183,a_1,b_4,c_2
183,__ABS__a,b_3,c_5
183,a_4,b_5,__ABS__c
183,__ABS__a,b_4,c_2
183,a_5,__ABS__b,c_5
183,a_3,b_2,__ABS__c
183,a_2,__ABS__b,c_3
183,a_1,__ABS__b,c_4
183,a_1,b_3,__ABS__c
183,a_3,__ABS__b,c_4
183,a_5,__ABS__b,c_2
183,a_4,b_1,__ABS__c
184,a_4,__ABS__b,c_4
184,a_3,__ABS__b,c_1
184,__ABS__a,b_5,c_5
184,__ABS__a,b_1,c_1
184,a_4,b_5,__ABS__c
184,__ABS__a,b_1,c_2
184,__ABS__a,b_4,c_1
184,a_5,b_5,__ABS__c
184,a_2,b_2,__ABS__c
184,a_4,b_3,__ABS__c
184,a_5,__ABS__b,c_3
184,a_2,b_1,c_3
184,a_3,__ABS__b,c_2
184,a_5,b_4,__ABS__c
184,a_2,__ABS__b,c_2
184,a_3,b_3,c_5
184,a_1,__ABS__b,c_3
184,a_1,b_3,__ABS__c
184,__ABS__a,b_2,c_4
184,a_1,b_2,c_5
184,__ABS__a,b_4,c_4
185,a_1,b_1,c_4
185,a_1,b_3,c_5
185,a_1,__ABS__b,c_2
185,a_5,__ABS__b,c_1
185,a_3,__ABS__b,c_1
185,__ABS__a,b_4,c_1
185,a_2,b_2,__ABS__c
185,a_3,__ABS__b,c_5
185,a_2,b_3,__ABS__c
185,a_3,b_2,__ABS__c
185,a_4,b_5,__ABS__c
185,__ABS__a,b_5,c_2
185,__ABS__a,b_3,c_4
185,a_4,__ABS__b,c_3
185,a_5,b_4,__ABS__c
185,__ABS__a,b_4,c_3
185,__ABS__a,b_5,c_3
185,__ABS__a,b_2,c_2
185,a_5,__ABS__b,c_5
185,a_2,b_1,c_4
185,a_4,b_1,__ABS__c
186,a_5,__ABS__b,c_1
186,a_2,b_4,__ABS__c
186,a_5,__ABS__b,c_2
186,a_4,b_3,__ABS__c
186,a_3,b_5,__ABS__c
186,a_5,b_1,__ABS__c
186,__ABS__a,b_2,c_1
186,__ABS__a,b_3,c_4
186,a_4,__ABS__b,c_3
186,a_3,b_1,__ABS__c
186,a_1,__ABS__b,c_5
186,__ABS__a,b_3,c_5
186,a_4,__ABS__b,c_5
186,a_1,b_2,__ABS__c
186,__ABS__a,b_5,c_4
186,a_2,b_1,c_2
186,a_3,__ABS__b,c_3
186,__ABS__a,b_5,c_1
186,__ABS__a,b_4,c_2
186,a_2,b_2,c_3
186,a_1,b_4,c_4
187,__ABS__a,b_3,c_5
187,a_5,b_2,__ABS__c
187,a_3,__ABS__b,c_1
187,a_1,__ABS__b,c_5
187,__ABS__a,b_1,c_3
187,__ABS__a,b_3,c_4
187,__ABS__a,b_4,c_4
187,a_5,__ABS__b,c_3
187,__ABS__a,b_5,c_2
187,a_1,b_2,__ABS__c
187,a_3,b_4,__ABS__c
187,__ABS__a,b_5,c_5
187,a_4,b_2,__ABS__c
187,a_3,b_4,c_1
187,a_2,__ABS__b,c_1
187,a_4,b_5,__ABS__c
187,a_5,b_3,c_4
187,a_4,b_1,__ABS__c
187,a_2,b_1,c_2
187,a_2,__ABS__b,c_2
187,a_1,__ABS__b,c_3
188,a_5,b_4,__ABS__c
188,a_4,b_5,__ABS__c
188,a_3,__ABS__b,c_5
188,a_1,__ABS__b,c_5
188,__ABS__a,b_3,c_5
188,a_2,__ABS__b,c_1
188,a_3,b_5,__ABS__c
188,a_5,__ABS__b,c_3
188,__ABS__a,b_1,c_4
188,a_3,b_3,__ABS__c
188,a_2,b_4,__ABS__c
188,__ABS__a,b_2,c_2
188,a_1,__ABS__b,c_4
188,__ABS__a,b_4,c_2
188,a_4,b_3,__ABS__c
188,__ABS__a,b_5,c_3
188,a_2,b_2,c_1
188,__ABS__a,b_2,c_4
188,a_4,b_1,c_3
188,a_1,__ABS__b,c_2
188,a_5,b_1,c_1
189,a_5,b_4,__ABS__c
189,a_2,b_2,__ABS__c
189,a_3,b_3,__ABS__c
189,__ABS__a,b_5,c_4
189,a_1,b_3,c_2
189,a_3,__ABS__b,c_1
189,a_3,__ABS__b,c_3
189,a_2,b_2,c_5
189,__ABS__a,b_5,c_3
189,a_1,b_4,__ABS__c
189,a_2,__ABS__b,c_5
189,__ABS__a,b_3,c_2
189,a_4,b_5,__ABS__c
189,a_4,b_4,__ABS__c
189,__ABS__a,b_2,c_5
189,a_1,__ABS__b,c_4
189,__ABS__a,b_1,c_1
189,a_4,b_1,c_3
189,a_5,__ABS__b,c_1
189,__ABS__a,b_1,c_4
189,a_5,__ABS__b,c_2
190,a_4,b_1,__ABS__c
190,__ABS__a,b_5,c_5
190,a_3,b_5,c_3
190,__ABS__a,b_4,c_3
190,__ABS__a,b_3,c_2
190,__ABS__a,b_2,c_5
190,a_3,__ABS__b,c_2
190,a_3,__ABS__b,c_4
190,__ABS__a,b_4,c_1
190,a_5,__ABS__b,c_5
190,__ABS__a,b_1,c_1
190,a_2,b_1,__ABS__c
190,a_1,__ABS__b,c_1
190,a_2,b_2,__ABS__c
190,a_1,b_5,__ABS__c
190,a_4,__ABS__b,c_2
190,a_2,b_3,__ABS__c
190,a_1,__ABS__b,c_4
190,a_4,b_4,__ABS__c
190,a_5,b_3,c_4
190,a_5,b_2,c_3
191,__ABS__a,b_4,c_3
191,__ABS__a,b_2,c_1
191,__ABS__a,b_5,c_4
191,a_2,b_3,c_1
191,a_2,b_5,__ABS__c
191,a_3,b_1,__ABS__c
191,a_1,__ABS__b,c_5
191,__ABS__a,b_2,c_3
191,__ABS__a,b_1,c_2
191,a_3,b_2,__ABS__c
191,a_1,__ABS__b,c_1
191,a_5,b_5,c_5
191,a_5,b_3,__ABS__c
191,a_5,__ABS__b,c_3
191,a_1,__ABS__b,c_2
191,__ABS__a,b_4,c_4
191,a_2,b_3,__ABS__c
191,a_4,b_4,__ABS__c
191,a_4,b_1,c_4
191,a_3,__ABS__b,c_5
191,a_4,__ABS__b,c_2
192,a_5,b_2,c_1
192,a_2,b_3,c_3
192,__ABS__a,b_1,c_3
192,a_4,b_5,__ABS__c
192,a_2,b_2,__ABS__c
192,a_3,b_4,__ABS__c
192,__ABS__a,b_1,c_1
192,__ABS__a,b_5,c_3
192,a_4,b_4,__ABS__c
192,__ABS__a,b_2,c_1
192,a_3,__ABS__b,c_5
192,a_1,b_3,__ABS__c
192,a_1,__ABS__b,c_4
192,a_3,__ABS__b,c_4
192,a_5,__ABS__b,c_2
192,__ABS__a,b_4,c_2
192,a_4,b_5,c_4
192,a_2,__ABS__b,c_5
192,__ABS__a,b_1,c_5
192,a_5,b_3,__ABS__c
192,a_1,__ABS__b,c_2
193,__ABS__a,b_4,c_2
193,a_1,b_2,__ABS__c
193,a_3,__ABS__b,c_1
193,a_5,__ABS__b,c_3
193,a_5,__ABS__b,c_2
193,__ABS__a,b_1,c_4
193,a_4,__ABS__b,c_1
193,a_4,b_2,__ABS__c
193,__ABS__a,b_4,c_1
193,a_3,b_1,c_5
193,a_1,b_3,__ABS__c
193,__ABS__a,b_5,c_3
193,a_1,b_4,c_3
193,a_2,b_2,__ABS__c
193,a_2,__ABS__b,c_4
193,__ABS__a,b_3,c_4
193,a_4,__ABS__b,c_5
193,__ABS__a,b_3,c_2
193,a_3,b_5,__ABS__c
193,a_2,b_1,c_5
193,a_5,b_5,__ABS__c
194,a_1,b_1,__ABS__c
194,a_4,b_2,c_1
194,a_3,b_4,__ABS__c
194,__ABS__a,b_1,c_5
194,a_1,b_5,__ABS__c
194,__ABS__a,b_3,c_4
194,a_4,b_2,__ABS__c
194,a_4,__ABS__b,c_4
194,a_3,__ABS__b,c_2
194,a_1,b_2,c_1
194,a_3,__ABS__b,c_4
194,a_5,b_4,__ABS__c
194,__ABS__a,b_1,c_3
194,__ABS__a,b_3,c_5
194,a_2,b_3,__ABS__c
194,a_5,__ABS__b,c_1
194,__ABS__a,b_4,c_3
194,a_5,b_5,c_2
194,a_2,__ABS__b,c_5
194,__ABS__a,b_5,c_2
194,a_2,__ABS__b,c_3
195,a_2,__ABS__b,c_1
195,a_5,b_5,__ABS__c
195,a_1,b_1,c_3
195,a_2,b_2,__ABS__c
195,a_3,__ABS__b,c_3
195,a_1,__ABS__b,c_1
195,a_3,__ABS__b,c_2
195,__ABS__a,b_3,c_1
195,a_5,b_3,__ABS__c
195,__ABS__a,b_2,c_3
195,__ABS__a,b_3,c_5
195,a_4,b_4,__ABS__c
195,__ABS__a,b_1,c_4
195,a_3,b_5,c_5
195,a_1,__ABS__b,c_4
195,__ABS__a,b_4,c_4
195,a_4,b_1,__ABS__c
195,a_5,__ABS__b,c_5
195,a_4,b_5,__ABS__c
195,__ABS__a,b_4,c_2
195,a_2,b_2,c_2
196,a_5,b_1,__ABS__c
196,a_1,b_3,c_2
196,a_3,b_2,__ABS__c
196,__ABS__a,b_5,c_3
196,__ABS__a,b_1,c_2
196,a_2,__ABS__b,c_1
196,__ABS__a,b_2,c_1
196,a_5,__ABS__b,c_4
196,a_4,__ABS__b,c_5
196,__ABS__a,b_4,c_3
196,a_5,b_3,__ABS__c
196,a_1,__ABS__b,c_5
196,a_3,__ABS__b,c_1
196,a_4,b_4,__ABS__c
196,a_2,__ABS__b,c_3
196,__ABS__a,b_4,c_5
196,a_2,b_5,c_4
196,a_1,b_2,c_2
196,a_3,b_3,__ABS__c
196,__ABS__a,b_1,c_4
196,a_4,b_5,__ABS__c
197,a_2,b_2,c_3
197,a_3,b_2,__ABS__c
197,__ABS__a,b_2,c_1
197,__ABS__a,b_1,c_2
197,a_5,__ABS__b,c_2
197,a_1,__ABS__b,c_3
197,a_3,b_4,__ABS__c
197,a_5,b_3,__ABS__c
197,__ABS__a,b_4,c_4
197,a_4,b_1,c_1
197,a_5,__ABS__b,c_5
197,a_2,b_1,c_3
197,a_4,b_5,__ABS__c
197,__ABS__a,b_4,c_2
197,a_1,b_5,__ABS__c
197,a_3,b_3,__ABS__c
197,a_4,__ABS__b,c_4
197,__ABS__a,b_5,c_5
197,a_2,__ABS__b,c_5
197,__ABS__a,b_3,c_1
197,a_1,__ABS__b,c_4
198,a_2,b_1,c_5
198,a_1,b_1,c_4
198,a_5,b_1,c_2
198,a_3,b_4,__ABS__c
198,a_3,__ABS__b,c_4
198,a_4,b_3,__ABS__c
198,a_4,__ABS__b,c_1
198,a_1,b_5,__ABS__c
198,a_1,__ABS__b,c_1
198,__ABS__a,b_3,c_3
198,a_2,__ABS__b,c_1
198,__ABS__a,b_5,c_2
198,a_4,__ABS__b,c_2
198,a_2,b_2,__ABS__c
198,a_5,b_4,__ABS__c
198,a_3,__ABS__b,c_3
198,__ABS__a,b_3,c_5
198,__ABS__a,b_2,c_3
198,__ABS__a,b_5,c_5
198,__ABS__a,b_4,c_4
198,a_5,b_2,__ABS__c
199,a_4,__ABS__b,c_1
199,a_1,b_3,c_2
199,a_2,b_1,c_4
199,a_4,b_5,__ABS__c
199,__ABS__a,b_2,c_5
199,a_1,__ABS__b,c_3
199,__ABS__a,b_4,c_3
199,a_3,__ABS__b,c_1
199,a_4,__ABS__b,c_5
199,a_2,__ABS__b,c_2
199,a_5,b_4,__ABS__c
199,a_3,b_1,__ABS__c
199,a_3,b_5,__ABS__c
199,__ABS__a,b_2,c_4
199,a_2,b_1,__ABS__c
199,a_5,b_3,__ABS__c
199,__ABS__a,b_4,c_5
199,a_1,__ABS__b,c_4
199,a_5,b_2,c_1
199,__ABS__a,b_5,c_2
199,__ABS__a,b_3,c_3
200,__ABS__a,b_1,c_3
200,a_4,__ABS__b,c_4
200,__ABS__a,b_3,c_4
200,a_1,b_4,__ABS__c
200,a_2,b_4,__ABS__c
200,a_3,b_5,__ABS__c
200,a_4,__ABS__b,c_2
200,a_5,__ABS__b,c_2
200,__ABS__a,b_5,c_1
200,a_5,b_3,__ABS__c
200,a_2,__ABS__b,c_3
200,a_1,__ABS__b,c_1
200,__ABS__a,b_2,c_5
200,__ABS__a,b_4,c_3
200,a_4,b_3,c_5
200,a_5,b_5,__ABS__c
200,a_3,b_1,c_2
200,a_3,b_1,__ABS__c
200,a_1,b_2,c_1
200,a_2,__ABS__b,c_5
200,__ABS__a,b_2,c_4
